/*
 Navicat Premium Data Transfer

 Source Server         : local 5.7.26 mysql
 Source Server Type    : MySQL
 Source Server Version : 50726
 Source Host           : localhost:4306
 Source Schema         : mall_sun

 Target Server Type    : MySQL
 Target Server Version : 50726
 File Encoding         : 65001

 Date: 04/09/2020 22:57:43
*/

SET NAMES utf8mb4;
SET FOREIGN_KEY_CHECKS = 0;

-- ----------------------------
-- Table structure for mall_activity
-- ----------------------------
DROP TABLE IF EXISTS `mall_activity`;
CREATE TABLE `mall_activity`  (
  `activity_id` int(11) NOT NULL AUTO_INCREMENT,
  `create_time` timestamp(0) NULL DEFAULT NULL COMMENT '创建时间',
  `create_id` int(11) NULL DEFAULT NULL COMMENT '创建管理员id',
  `update_time` timestamp(0) NULL DEFAULT NULL COMMENT '更新时间',
  `update_id` int(11) NULL DEFAULT NULL COMMENT '更新管理员id',
  `name` varchar(100) CHARACTER SET utf8 COLLATE utf8_general_ci NULL DEFAULT NULL COMMENT '名称',
  `desc` varchar(200) CHARACTER SET utf8 COLLATE utf8_general_ci NULL DEFAULT NULL COMMENT '描述',
  `pic` int(11) NULL DEFAULT NULL COMMENT '活动图，为文件id',
  `start_time` timestamp(0) NULL DEFAULT NULL COMMENT '开始时间',
  `end_time` timestamp(0) NULL DEFAULT NULL COMMENT '结束时间',
  `status` tinyint(1) NOT NULL DEFAULT 0 COMMENT '状态，0启用，1禁用',
  `sn` int(11) NOT NULL COMMENT '排序号',
  `deleted` tinyint(1) NOT NULL DEFAULT 0 COMMENT '删除标识，0未删除，1删除',
  PRIMARY KEY (`activity_id`) USING BTREE
) ENGINE = InnoDB AUTO_INCREMENT = 1 CHARACTER SET = utf8 COLLATE = utf8_general_ci COMMENT = '活动表' ROW_FORMAT = Dynamic;

-- ----------------------------
-- Table structure for mall_activity_classify
-- ----------------------------
DROP TABLE IF EXISTS `mall_activity_classify`;
CREATE TABLE `mall_activity_classify`  (
  `classify_id` int(11) NOT NULL AUTO_INCREMENT COMMENT '活动分类id',
  `create_time` timestamp(0) NULL DEFAULT NULL COMMENT '创建时间',
  `create_id` int(11) NULL DEFAULT NULL COMMENT '创建管理员id',
  `update_time` timestamp(0) NULL DEFAULT NULL COMMENT '更新时间',
  `update_id` int(11) NULL DEFAULT NULL COMMENT '更新管理员id',
  `classify_name` varchar(20) CHARACTER SET utf8 COLLATE utf8_general_ci NOT NULL COMMENT '分类名',
  `sn` int(11) NOT NULL COMMENT '排序号',
  `activity_id` int(11) NULL DEFAULT NULL COMMENT '活动id',
  `deleted` tinyint(1) NOT NULL DEFAULT 0 COMMENT '删除标识，0未删除，1删除',
  PRIMARY KEY (`classify_id`) USING BTREE
) ENGINE = InnoDB AUTO_INCREMENT = 1 CHARACTER SET = utf8 COLLATE = utf8_general_ci COMMENT = '活动分类表' ROW_FORMAT = Dynamic;

-- ----------------------------
-- Table structure for mall_activity_classify_product
-- ----------------------------
DROP TABLE IF EXISTS `mall_activity_classify_product`;
CREATE TABLE `mall_activity_classify_product`  (
  `id` int(11) NOT NULL COMMENT '活动分类与商品关联id',
  `create_time` timestamp(0) NULL DEFAULT NULL COMMENT '创建时间',
  `create_id` int(11) NULL DEFAULT NULL COMMENT '创建管理员id',
  `classify_id` int(11) NOT NULL COMMENT '活动分类id',
  `product_id` int(11) NOT NULL COMMENT '商品id',
  PRIMARY KEY (`id`) USING BTREE
) ENGINE = InnoDB CHARACTER SET = utf8 COLLATE = utf8_general_ci COMMENT = '活动分类与商品关联表' ROW_FORMAT = Dynamic;

-- ----------------------------
-- Table structure for mall_admin
-- ----------------------------
DROP TABLE IF EXISTS `mall_admin`;
CREATE TABLE `mall_admin`  (
  `admin_id` int(11) NOT NULL AUTO_INCREMENT COMMENT '管理员id',
  `create_time` timestamp(0) NULL DEFAULT NULL COMMENT '创建时间',
  `create_id` int(11) NULL DEFAULT NULL COMMENT '创建管理员id',
  `update_time` timestamp(0) NULL DEFAULT NULL COMMENT '更新时间',
  `update_id` int(11) NULL DEFAULT NULL COMMENT '更新管理员id',
  `username` varchar(50) CHARACTER SET utf8 COLLATE utf8_general_ci NOT NULL COMMENT '名称',
  `password` varchar(100) CHARACTER SET utf8 COLLATE utf8_general_ci NOT NULL COMMENT '密码',
  `enable` tinyint(1) NOT NULL DEFAULT 1 COMMENT '可用标识，0不可用，1可用',
  PRIMARY KEY (`admin_id`) USING BTREE
) ENGINE = InnoDB AUTO_INCREMENT = 2 CHARACTER SET = utf8 COLLATE = utf8_general_ci COMMENT = '管理员表' ROW_FORMAT = Dynamic;

-- ----------------------------
-- Records of mall_admin
-- ----------------------------
INSERT INTO `mall_admin` VALUES (1, '2020-08-28 16:19:55', 1, NULL, NULL, 'admin', '$2a$10$WBFHS1GTnAm9dV1Puf7p/ufYoKcmAafx4VuJk1FGNV2mY.Ai.ncSS', 1);

-- ----------------------------
-- Table structure for mall_brand
-- ----------------------------
DROP TABLE IF EXISTS `mall_brand`;
CREATE TABLE `mall_brand`  (
  `brand_id` int(11) NOT NULL AUTO_INCREMENT COMMENT '品牌id',
  `create_time` timestamp(0) NULL DEFAULT NULL COMMENT '创建时间',
  `create_id` int(11) NULL DEFAULT NULL COMMENT '创建管理员id',
  `update_time` timestamp(0) NULL DEFAULT NULL COMMENT '更新时间',
  `update_id` int(11) NULL DEFAULT NULL COMMENT '更新管理员id',
  `brand_name` varchar(50) CHARACTER SET utf8 COLLATE utf8_general_ci NOT NULL COMMENT '品牌名称',
  `deleted` tinyint(1) NOT NULL DEFAULT 0 COMMENT '删除标识，0未删除，1删除',
  PRIMARY KEY (`brand_id`) USING BTREE
) ENGINE = InnoDB AUTO_INCREMENT = 3 CHARACTER SET = utf8 COLLATE = utf8_general_ci COMMENT = '品牌表' ROW_FORMAT = Dynamic;

-- ----------------------------
-- Records of mall_brand
-- ----------------------------
INSERT INTO `mall_brand` VALUES (1, '2020-08-28 16:36:10', 1, NULL, NULL, '品牌1', 0);
INSERT INTO `mall_brand` VALUES (2, '2020-08-28 16:36:11', 1, NULL, NULL, '品牌2', 0);

-- ----------------------------
-- Table structure for mall_cart
-- ----------------------------
DROP TABLE IF EXISTS `mall_cart`;
CREATE TABLE `mall_cart`  (
  `cart_id` int(11) NOT NULL AUTO_INCREMENT COMMENT '购物车id',
  `create_time` timestamp(0) NULL DEFAULT NULL COMMENT '创建时间',
  `update_time` timestamp(0) NULL DEFAULT NULL COMMENT '更新时间',
  `user_id` int(11) NOT NULL COMMENT '用户id',
  `product_id` int(11) NOT NULL COMMENT '商品id',
  `quantity` int(11) NOT NULL DEFAULT 1 COMMENT '数量',
  `deleted` tinyint(1) NOT NULL DEFAULT 0 COMMENT '删除标识，0未删除，1删除',
  PRIMARY KEY (`cart_id`) USING BTREE,
  INDEX `cart_index_user_id_deleted_product_id_quantity`(`user_id`, `deleted`, `product_id`, `quantity`) USING BTREE COMMENT '购物车表用户id，删除标识，商品id和数量索引'
) ENGINE = InnoDB AUTO_INCREMENT = 14 CHARACTER SET = utf8 COLLATE = utf8_general_ci COMMENT = '购物车表' ROW_FORMAT = Dynamic;

-- ----------------------------
-- Records of mall_cart
-- ----------------------------
INSERT INTO `mall_cart` VALUES (1, '2020-08-30 14:23:35', NULL, 1, 1, 10, 1);
INSERT INTO `mall_cart` VALUES (2, '2020-08-30 14:23:35', NULL, 1, 2, 5, 1);
INSERT INTO `mall_cart` VALUES (3, '2020-08-30 14:23:35', NULL, 1, 3, 9, 1);
INSERT INTO `mall_cart` VALUES (4, '2020-08-30 14:39:32', NULL, 1, 1, 1, 1);
INSERT INTO `mall_cart` VALUES (5, '2020-08-30 14:40:02', NULL, 1, 2, 1, 1);
INSERT INTO `mall_cart` VALUES (6, '2020-08-30 14:40:02', NULL, 1, 3, 9, 1);
INSERT INTO `mall_cart` VALUES (7, '2020-08-30 14:48:59', NULL, 1, 1, 1, 1);
INSERT INTO `mall_cart` VALUES (8, '2020-08-30 14:48:59', NULL, 1, 2, 1, 1);
INSERT INTO `mall_cart` VALUES (9, '2020-08-30 14:48:59', NULL, 1, 3, 9, 1);
INSERT INTO `mall_cart` VALUES (10, '2020-08-30 18:36:02', NULL, 1, 1, 1, 0);
INSERT INTO `mall_cart` VALUES (11, '2020-08-30 18:36:02', NULL, 1, 2, 1, 0);
INSERT INTO `mall_cart` VALUES (12, '2020-08-30 18:36:02', NULL, 1, 3, 9, 0);
INSERT INTO `mall_cart` VALUES (13, '2020-08-30 21:15:23', NULL, 1, 4, 1, 0);

-- ----------------------------
-- Table structure for mall_classify
-- ----------------------------
DROP TABLE IF EXISTS `mall_classify`;
CREATE TABLE `mall_classify`  (
  `classify_id` int(11) NOT NULL AUTO_INCREMENT COMMENT '商品分类id',
  `create_time` timestamp(0) NULL DEFAULT NULL COMMENT '创建时间',
  `create_id` int(11) NULL DEFAULT NULL COMMENT '创建管理员id',
  `update_time` timestamp(0) NULL DEFAULT NULL COMMENT '更新时间',
  `update_id` int(11) NULL DEFAULT NULL COMMENT '更新管理员id',
  `pic` int(11) NULL DEFAULT NULL COMMENT '分类图片，为文件id',
  `classify_name` varchar(20) CHARACTER SET utf8 COLLATE utf8_general_ci NOT NULL COMMENT '分类名',
  `pid` int(11) NOT NULL COMMENT '父分类id',
  `sn` int(11) NOT NULL COMMENT '排序号',
  `deleted` tinyint(1) NOT NULL DEFAULT 0 COMMENT '删除标识，0未删除，1删除',
  PRIMARY KEY (`classify_id`) USING BTREE,
  INDEX `product_classify_index_pid_deleted`(`pid`, `deleted`) USING BTREE COMMENT '商品分类表pid和删除标识索引'
) ENGINE = InnoDB AUTO_INCREMENT = 20 CHARACTER SET = utf8 COLLATE = utf8_general_ci COMMENT = '商品分类表' ROW_FORMAT = Dynamic;

-- ----------------------------
-- Records of mall_classify
-- ----------------------------
INSERT INTO `mall_classify` VALUES (1, '2020-08-28 16:24:41', 1, NULL, NULL, 1, '水果', 0, 1, 0);
INSERT INTO `mall_classify` VALUES (2, '2020-08-28 16:24:41', 1, NULL, NULL, 1, '蔬菜', 0, 2, 0);
INSERT INTO `mall_classify` VALUES (3, '2020-08-28 16:24:41', 1, NULL, NULL, 1, '肉禽蛋', 0, 3, 0);
INSERT INTO `mall_classify` VALUES (4, '2020-08-28 16:24:50', 1, NULL, NULL, 2, '热带水果', 1, 1, 0);
INSERT INTO `mall_classify` VALUES (5, '2020-08-28 16:24:51', 1, NULL, NULL, 2, '果切果盘', 1, 2, 0);
INSERT INTO `mall_classify` VALUES (6, '2020-08-28 16:24:51', 1, NULL, NULL, 2, '台湾水果', 1, 3, 0);
INSERT INTO `mall_classify` VALUES (7, '2020-08-28 16:24:51', 1, NULL, NULL, 2, '水果礼盒', 1, 4, 0);
INSERT INTO `mall_classify` VALUES (8, '2020-08-28 16:24:51', 1, NULL, NULL, 2, '进口水果', 1, 5, 0);
INSERT INTO `mall_classify` VALUES (9, '2020-08-28 16:24:51', 1, NULL, NULL, 2, '苗菜', 2, 1, 0);
INSERT INTO `mall_classify` VALUES (10, '2020-08-28 16:24:51', 1, NULL, NULL, 2, '叶菜', 2, 2, 0);
INSERT INTO `mall_classify` VALUES (11, '2020-08-28 16:24:51', 1, NULL, NULL, 2, '根茎菜', 2, 3, 0);
INSERT INTO `mall_classify` VALUES (12, '2020-08-28 16:24:51', 1, NULL, NULL, 2, '调味菜', 2, 4, 0);
INSERT INTO `mall_classify` VALUES (13, '2020-08-28 16:24:51', 1, NULL, NULL, 2, '菌菇', 2, 5, 0);
INSERT INTO `mall_classify` VALUES (14, '2020-08-28 16:24:51', 1, NULL, NULL, 2, '品牌蔬菜', 2, 6, 0);
INSERT INTO `mall_classify` VALUES (15, '2020-08-28 16:24:51', 1, NULL, NULL, 2, '地方菜', 2, 7, 0);
INSERT INTO `mall_classify` VALUES (16, '2020-08-28 16:24:51', 1, NULL, NULL, 2, '冻猪肉', 3, 1, 0);
INSERT INTO `mall_classify` VALUES (17, '2020-08-28 16:24:51', 1, NULL, NULL, 2, '鲜牛羊肉', 3, 2, 0);
INSERT INTO `mall_classify` VALUES (18, '2020-08-28 16:24:51', 1, NULL, NULL, 2, '鲜家禽', 3, 3, 0);
INSERT INTO `mall_classify` VALUES (19, '2020-08-28 16:24:51', 1, NULL, NULL, 2, '蛋', 3, 4, 0);

-- ----------------------------
-- Table structure for mall_coupon
-- ----------------------------
DROP TABLE IF EXISTS `mall_coupon`;
CREATE TABLE `mall_coupon`  (
  `coupon_id` int(11) NOT NULL AUTO_INCREMENT COMMENT '优惠券id',
  `create_time` timestamp(0) NULL DEFAULT NULL COMMENT '创建时间',
  `create_id` int(11) NULL DEFAULT NULL COMMENT '创建管理员id',
  `update_time` timestamp(0) NULL DEFAULT NULL COMMENT '更新时间',
  `update_id` int(11) NULL DEFAULT NULL COMMENT '更新管理员id',
  `name` varchar(50) CHARACTER SET utf8 COLLATE utf8_general_ci NOT NULL COMMENT '名称',
  `desc` varchar(200) CHARACTER SET utf8 COLLATE utf8_general_ci NOT NULL COMMENT '描述',
  `min_price` decimal(10, 2) NOT NULL COMMENT '最低消费',
  `discount` decimal(10, 2) NOT NULL COMMENT '优惠金额',
  `limit` int(11) NOT NULL DEFAULT 1 COMMENT '限领数，默认1',
  `total` int(11) NOT NULL DEFAULT -1 COMMENT '数量，-1无限制',
  `status` tinyint(1) NOT NULL DEFAULT 0 COMMENT '状态，0禁用，1启用',
  `type` tinyint(1) NOT NULL DEFAULT 1 COMMENT '类型，1通用券，2新人礼券',
  `use_type` tinyint(1) NOT NULL DEFAULT 1 COMMENT '使用类型，1全场，2指定分类，3指定商品',
  `time_type` tinyint(1) NOT NULL DEFAULT 1 COMMENT '生效时间类型，1天数，2时间段',
  `days` int(11) NOT NULL DEFAULT 0 COMMENT '有效期限，自领取后几天内有效，0当天',
  `start_time` timestamp(0) NULL DEFAULT NULL COMMENT '有效期限，开始时间',
  `end_time` timestamp(0) NULL DEFAULT NULL COMMENT '有效期限，结束时间',
  `deleted` tinyint(1) NOT NULL DEFAULT 0 COMMENT '删除标识，0未删除，1删除',
  PRIMARY KEY (`coupon_id`) USING BTREE
) ENGINE = InnoDB AUTO_INCREMENT = 11 CHARACTER SET = utf8 COLLATE = utf8_general_ci COMMENT = '优惠券表' ROW_FORMAT = Dynamic;

-- ----------------------------
-- Records of mall_coupon
-- ----------------------------
INSERT INTO `mall_coupon` VALUES (1, '2020-09-02 16:14:10', 1, NULL, NULL, '全品类通用券1', '全品类通用券（全场，除限时抢购商品）', 10.00, 2.00, 1, 9, 1, 1, 1, 1, 0, NULL, NULL, 0);
INSERT INTO `mall_coupon` VALUES (2, '2020-09-02 16:14:11', 1, NULL, NULL, '全品类通用券2', '全品类通用券（全场，除限时抢购商品）', 30.00, 5.00, 1, 10, 1, 1, 1, 1, 4, NULL, NULL, 0);
INSERT INTO `mall_coupon` VALUES (3, '2020-09-02 16:14:11', 1, NULL, NULL, '全品类通用券3', '全品类通用券（全场，除限时抢购商品）', 50.00, 10.00, 1, 10, 1, 1, 1, 2, 0, '2020-09-03 00:00:00', '2020-09-07 23:59:59', 0);
INSERT INTO `mall_coupon` VALUES (4, '2020-09-02 16:14:11', 1, NULL, NULL, '全品类新人礼券1', '全品类新人礼券（全场，除限时抢购商品）', 20.00, 10.00, 1, 0, 1, 2, 1, 1, 7, NULL, NULL, 0);
INSERT INTO `mall_coupon` VALUES (5, '2020-09-02 16:14:11', 1, NULL, NULL, '全品类新人礼券2', '全品类新人礼券（全场，除限时抢购商品）', 30.00, 10.00, 1, 0, 1, 2, 1, 1, 7, NULL, NULL, 0);
INSERT INTO `mall_coupon` VALUES (6, '2020-09-02 16:14:11', 1, NULL, NULL, '全品类新人礼券3', '全品类新人礼券（全场，除限时抢购商品）', 40.00, 10.00, 1, 0, 1, 2, 1, 1, 7, NULL, NULL, 0);
INSERT INTO `mall_coupon` VALUES (7, '2020-09-02 16:14:19', 1, NULL, NULL, '水果类通用券1', '水果类通用券', 20.00, 5.00, 1, 10, 1, 1, 2, 2, 0, '2020-09-03 00:00:00', '2020-09-15 23:59:59', 0);
INSERT INTO `mall_coupon` VALUES (8, '2020-09-02 16:14:19', 1, NULL, NULL, '水果类新人礼券1', '水果类新人礼券', 20.00, 5.00, 1, 0, 1, 2, 2, 1, 7, NULL, NULL, 0);
INSERT INTO `mall_coupon` VALUES (9, '2020-09-02 16:14:41', 1, NULL, NULL, 'XX芒果专享券1', 'XX芒果专享券', 20.00, 2.00, 1, 10, 1, 1, 3, 2, 0, '2020-09-03 00:00:00', '2020-09-15 23:59:59', 0);
INSERT INTO `mall_coupon` VALUES (10, '2020-09-02 16:14:42', 1, NULL, NULL, 'XX芒果新人礼券1', 'XX芒果新人礼券', 20.00, 2.00, 1, 0, 1, 2, 3, 1, 7, NULL, NULL, 0);

-- ----------------------------
-- Table structure for mall_coupon_classify
-- ----------------------------
DROP TABLE IF EXISTS `mall_coupon_classify`;
CREATE TABLE `mall_coupon_classify`  (
  `id` int(11) NOT NULL AUTO_INCREMENT COMMENT '优惠券与商品分类关联id',
  `create_time` timestamp(0) NULL DEFAULT NULL COMMENT '创建时间',
  `create_id` int(11) NULL DEFAULT NULL COMMENT '创建管理员id',
  `coupon_id` int(11) NOT NULL COMMENT '优惠券id',
  `classify_id` int(11) NOT NULL COMMENT '分类id',
  PRIMARY KEY (`id`) USING BTREE
) ENGINE = InnoDB AUTO_INCREMENT = 11 CHARACTER SET = utf8 COLLATE = utf8_general_ci COMMENT = '优惠券与商品分类关联表' ROW_FORMAT = Dynamic;

-- ----------------------------
-- Records of mall_coupon_classify
-- ----------------------------
INSERT INTO `mall_coupon_classify` VALUES (1, '2020-09-02 16:14:19', 1, 7, 4);
INSERT INTO `mall_coupon_classify` VALUES (2, '2020-09-02 16:14:19', 1, 7, 5);
INSERT INTO `mall_coupon_classify` VALUES (3, '2020-09-02 16:14:19', 1, 7, 6);
INSERT INTO `mall_coupon_classify` VALUES (4, '2020-09-02 16:14:19', 1, 7, 7);
INSERT INTO `mall_coupon_classify` VALUES (5, '2020-09-02 16:14:19', 1, 7, 8);
INSERT INTO `mall_coupon_classify` VALUES (6, '2020-09-02 16:14:19', 1, 8, 4);
INSERT INTO `mall_coupon_classify` VALUES (7, '2020-09-02 16:14:19', 1, 8, 5);
INSERT INTO `mall_coupon_classify` VALUES (8, '2020-09-02 16:14:19', 1, 8, 6);
INSERT INTO `mall_coupon_classify` VALUES (9, '2020-09-02 16:14:19', 1, 8, 7);
INSERT INTO `mall_coupon_classify` VALUES (10, '2020-09-02 16:14:19', 1, 8, 8);

-- ----------------------------
-- Table structure for mall_coupon_product
-- ----------------------------
DROP TABLE IF EXISTS `mall_coupon_product`;
CREATE TABLE `mall_coupon_product`  (
  `id` int(11) NOT NULL AUTO_INCREMENT COMMENT '优惠券与商品关联id',
  `create_time` timestamp(0) NULL DEFAULT NULL COMMENT '创建时间',
  `create_id` int(11) NULL DEFAULT NULL COMMENT '创建管理员id',
  `coupon_id` int(11) NULL DEFAULT NULL COMMENT '优惠券id',
  `product_id` int(11) NULL DEFAULT NULL COMMENT '分类id',
  PRIMARY KEY (`id`) USING BTREE
) ENGINE = InnoDB AUTO_INCREMENT = 5 CHARACTER SET = utf8 COLLATE = utf8_general_ci COMMENT = '优惠券与商品关联表' ROW_FORMAT = Dynamic;

-- ----------------------------
-- Records of mall_coupon_product
-- ----------------------------
INSERT INTO `mall_coupon_product` VALUES (1, '2020-09-02 16:14:41', 1, 9, 3);
INSERT INTO `mall_coupon_product` VALUES (2, '2020-09-02 16:14:41', 1, 9, 4);
INSERT INTO `mall_coupon_product` VALUES (3, '2020-09-02 16:14:42', 1, 10, 3);
INSERT INTO `mall_coupon_product` VALUES (4, '2020-09-02 16:14:42', 1, 10, 4);

-- ----------------------------
-- Table structure for mall_file_server
-- ----------------------------
DROP TABLE IF EXISTS `mall_file_server`;
CREATE TABLE `mall_file_server`  (
  `file_id` int(11) NOT NULL AUTO_INCREMENT COMMENT '文件id',
  `create_time` timestamp(0) NULL DEFAULT NULL COMMENT '创建时间',
  `create_id` int(11) NULL DEFAULT NULL COMMENT '创建管理员id',
  `file_name` varchar(255) CHARACTER SET utf8 COLLATE utf8_general_ci NULL DEFAULT NULL COMMENT '文件名称',
  `file` longblob NULL COMMENT '文件',
  PRIMARY KEY (`file_id`) USING BTREE
) ENGINE = InnoDB AUTO_INCREMENT = 3 CHARACTER SET = utf8 COLLATE = utf8_general_ci COMMENT = '文件服务器表' ROW_FORMAT = Dynamic;

-- ----------------------------
-- Records of mall_file_server
-- ----------------------------
INSERT INTO `mall_file_server` VALUES (1, '2020-08-28 16:35:56', 1, 'baidu.png', 0x89504E470D0A1A0A0000000D49484452000000CA0000004208060000001686491D000000017352474200AECE1CE900001993494441547801ED5D0D7C54C5B59FB977BFF2450C100821BB810022598A4A820A6845AD14DFD3A7AD62D516FBF055ADF547ABB696569F05FB8948ABF6597FADF659DBDA5A45FBFA6C95EAAB08D6270A041149E05145920D099200215FFB75EF9DF79F4D76B377F7DEBBF76E7613943B3FC2BD73CE993333E7CE999973E66309B1832D015B02B6046C09D812B025604BC096C00849808E503E2775368C315A7F3371D41C6B82BC6BE5F5EBA99C8D40627CEA1B1C353575B4A36393B269D30552367CEC34D625602B8A7599994E71E679EDE5A1FEC80F28A19F47232F8C2784D09B0451B867F736EF1FE330A3E7FCF98182AE88B28A32721323A42C89F68040E8BADD0DDE472805D60E799380AD287912ED27E636D7C994BCC01899A8978540C8DAC61DD52BF5F01CEE9F1F18CBC26C2323EC745D3A4A5F2E248ECF343454F6EBD2D888614900DFCA0EB99680BFAECD2751FA929192F03C1542BEE99F1BB8D1287F1651D61B2A094FCCD8E22093FE60C4C7C60D4F02B6A20C4F7EDAA959F4FB68BCE3B4916AA84295FBF9A8A1860EC46AE706306523176AE1526150A6CB6AEB0397A4C2ED786E24602B4A6EE498E032FBECC01C0536490290E98591521661CBB5C818516ED782EBC198C2D6AC5ECDEC6FAA27A061C06DA10E43785A491589DD8DB99055B92E4DE53538CAD4A5C28DE36CCEFA17DAFED998C6C6662301AB1F349B3C4E9A34DC7DCBED05EB156673636993120A8A3235296AFE5596B3C8DF3CFB9395D256941C7EF9050B5A3DF0D19E629525EC10E7D557AF577D0B26134DBB25136F46D99999686CBC7509A83E8EF5E4768A6409448A22AEE4B895F78E8EA52A573DD65E12EB2E56F8504A2AADD0DBB4E624602B8A393999A2922541D5D84D251A242A2F27AA054385D2B095F4095A46B356D6040FFB254D02B6A2A489247B4051B438ABAD293C47BF5FAD28A2CCFAB22909DCC43DD9A4B3D3184BC0561463F958C28642CD2142B2D94A42D9AA556A45614E96DD2A3BA5FFB054689BD894046C4531252673440D0DF551D8084DE6A887A890665BEA5EAD68B1786088C2FC1BB67CBD619EDAA6342B015B51CC4ACA3CDD13E649072861D83C9D9A66EF2B554760D06F4B851BC6297625BB9DBF37A4B1915949C09155AA933811DFC9DBA390195412235513267DB06183DAE82E20C58F0569CFD7E1F2AD302726CA4487F08C262D850231324F13A701C4A4EF378DAF57B6A4A2CE3AAB755C48512645451A6E7AB3EABDD4D12B95DE8EA74B206B2F4D3AAB8F37A4B62E7036161357114A2EC6E2E040074349376C9227DD252577EFDC54D61597807F5E608922B317CCACD063D478B869876F453C6DF2D3BFE870B1D21D7C17B029C970CD774A3E18E3283EE3ADB7C6A14C03617007F3FD58073D3F5E167CF02E42E9E305C4F123EC36EE8CD3DA4F6309D88A622C9F18D63FB7F936B86BD74151442D7208B1D9E5722DDAF9E6A40371BCBFBEF52A45919F44DC1D87A53DB13DFE1417BD62CB166F300D3708A8AD3F782653E497D0D0CBF56890FF1E41747C7AF7B6C98138CDACFAD6658429BFD22D33A5AD848AFFD2B47DF2DBF134F6535F02B68DA22F9B18C65FDF7C3DB6C33FA0D7E038111640AA23D1C886BA3AE68CB36BDC5EF5AC48A91FD39CDF63D4E88DC3F913C6FB2142846F0A35DECB8C9484D3C61AB2C7310F697E87A86A6D05BC5B00BFABD42DD4252BC99CB9ADE7182909E78B51B18A30E9C5D9F30E7A79DC0EC612B0471403F9D4D5B515F613A919AD6ABC0159022508F48EC6EDBE071280C117BE8FEB820B0EB87B7ADC424DCD2409478123A93466E27C67F04B2FB5BA231191EAF1E179F9EB035BF03CDB0C4F28F1E398FAFD9B19DA9399C6561483AF0FBBE4AB8C290F1990A850106657B1439CBE756BD51115620423B1332C44E1533E5301658E38A1BFEF6CF11E3495E02425B2A75E3A1F7EE05C07FBBA0E5A13CC3744F628EC0A4DE4880195E556B242995D5254F99A95342723ADAD283A5F7DFD8643A761FAE2D341EB82B13D1E1EA6D109311B89D2F9567357185D6235CDC9466F2B8ADE1797A3FA9739E8A5011C3DF4270DD0794545C483F550EE6C761DD72E5A34E8F2CE6B093FBACCED05479D6F079B18063C9ABDC580A35BBAB7AE68B1E26B25A43B789D22D03994B1A9F0898D43BE2DC879BF48E8C6DD0DBE97B5D269C12459B194778207DCDE3D3DEDFC1C8DBDAE92108AFAC55614B53C1231EC99726075DD72A08C9ABA942E760D5184DDADF404B9C7A99428D8F71BCB2DF67FCC632513B6B2766E731311E9BAA66DBE5F652A8CC8044926D96D600E090EBB2D1808D89E7AE90987D10FF550C670965151F822A21251B6639A7407B4A3D4881FD4A696C9ECF1DABAE66762A38F01311333E7AD9D9C2AB553CA3BB47136944BC0EE4574DA01758A6F9308961AAD8776A324B3E7B65E2A33F919284881115D2A0EA3DB524CD1FC58DB395F77EB09A58679A7F28CC7E1227E37DB6B5EE33C4EC427F3FB5DADEFEFBD3EB56C4C219DBE88FCA754B8519C06DCC29D46049970E8F1FAB142DC850F7FD4499D7B2B42A10F32A5192D7CC0ED9ECEA8AC7954B64070FDA3BCBF5FD5D066CD6DE6759962A5BC18A2756F7F9C537F706694495B21AB31567826D362257EA3BFC6B758AF61D7D6B5B460A4B2B4DA4EA9B0A6A9C1FBEDE47C3E0EEFCDA5A56524D87334BD2EB4A13A22D7A7C3F5210E4C8DD7EAA3CD61F0616284611621CD6EE13061743394E73FBDA1E8CB780E20CDB1CA2B9542A4AFC216D0DC801864A15B90F9CF5505A0E44134EA0755B04C11C1F1BC16C9C2851D25C742FD7F1A8E9270BE10F5858DFB036BF0AAD9C1C199F03CF2B855AB0C5A30285E54108447E2B8668FA7862A515CB9347A8151DA591D9656C64B10708B97A0DE6923431CAFFB0CF5BAB41B1FAB6971894FE9A64B412822DD9EFBA9172313F03997427996063CE2BE568FE3CB5521E9D594BC3F12D1535CC2A3C723EC46D4C56FAEC074D7D24B2BB7346E4FA7EE0AF6FF0C1FEDB4748C7508CAF38D59F58157F76CF7BE989A5AA0C22F71FBE4978DF6A625A781F3616DF23E3191CA13E044B8219966E4DFD901E499501485B099885F63B91CDA5AC2D994C175629A9FA0104F5E8D79F402A72A8AF24AC0E3F891E54A9E0009F88645C1E9588A5E37A361CF373E3AA963F9EAD534CDB0A99D17F80280CB725A25853DE19F77B8229567E3B6AA9DB8E1FEBBA970AD38EAF562ED34EF2A2D9C0D534B20AF8AC2B382525328CBB73EAACAB2FBCDCA3D0ED1CD57BB758FD8627AF93EB6047F6A5743E50EB57809995DD7328D294A626A938ACF3ECECA991CFC2D4617D8E2EAD0D8E0FD2E1184952853508D1988F1E91611E883134A7C97EBD93A5AE94E6658EEA75E3AD21C5496BF7A43D2661D921316BC6B6BC50728DCC2D9F5CD17CB0ABD0487B7FCB0BCF8C8D10E25F91BA9A97AB6516347303F59D8232BDC2E29C947E5D0097D0A3B85D78177DA9E344CCBD6620BFD533813733546F605508E22D085D075BD250AE4E977B7F9F6EFC947A1F2C0133D41BAA10BB9E35ACEE7F2905D1A4BD9410FD0669700796B07143008A4E1BAC060258AB539A8A1989E6C855BEE6C3574E4627034DC06995FA59523BEC43AAB2E432D3E71585DDDD1D27ED6F30AE2757158FC39A5DA412E3A5FED1DFEDD33BD2414D2FD14F1A4DA4F4ABFB7A7C1F71D6DA435685B49C97839DA6F69EF1746B55550C6E9A939A16D48F8E6D760CC8BA6E28CE230E6FBAB43D2DFE234B1EFC670262829C053B7CE1796120E8D56B7FB5446A2AA723322EC054DC69D0D6D959585F291435F4A620F7F14EDF585E4C7E3306345A1F4725F58D6F4E2C419F027CF8874759C2649CA0A1849FF9A8C4B7DA7D439DD170EBF9F0AFF38C5B987EB68B0FFAFA8D302AD7A2DB9B890FC648DFA88CBB99F6A25478FF1412ABB8011E3AEA686EA11B705075DB0DC864B1C5A8BD700A3EDCB683F9F8EC7B37DEA298AE02A5823478273395FD4FF024C71D52E6E4AD151D1FB32E62BB03222B3A793E9A0E4471815AEE530D1413B7232F5AA6C6BEB073F3E3F5FDEEC7674E0745D42D37946C9810A121F513EB68A72FAFCC0E463C1E00BA863569B2A936565E51D3DFA0FFD7581894B2FABBA43CBA1608597155A1AEEBD02E3609A92701E68BCCF5AE16595568904EBD1D67887C4DDE6E981B18B80C15F8620A7E3C16E1C78C7462345A27FCA89A22467E3149C0F47E5B0AEA2E0373CD216FC5A3C8EEF617DC39BCCC7F43BC5BC1B7E7741613B99A768A3B7BB5B638169805B4B81782D56652FD4E22D50FAE470ED27FF59ADA74723CA5F30AA5669E5916F98C294AF3DF3E7403556EF3F3FDC9FA90BB81D4B14CA26662CB3426ED6A3C194ACB4D9237E510FAF057752D7AB95C1608B166E34613957145256D6493A0FE9D609435A380DA9289743833F91063703E03D09BA13DE29D0506F6F8B4B58EB185FF1E3C1514EC5014A321FB4AAB9689C008DBB01EF9BE371AB4FFFBCE6CB98A43C053EDC681EB580C6794590465F3F7361CBA56FFFAFAF2DDB82A01E77A1F33A2F537A2E7EBD80CF72BF7657AF97821BC491CF00FBF15714A9ABC370710EDBC9F97C362F011F8D3B15BE2B1D397473BBCBB5785224D294978C5298FAEB9ABFA5C8F407D0D8BCBBDB53B2D68CA2819E190A926DB864E2CA5D3BAADED424FA18007147C171C87D5BAC2A948D45BDA725578BDB19E83EF727C3B4DED129F0A9E31929B8281C113B0760F4BD9C8E286CE952B1E5F93FAE49C950151505611FC9722BB88A914104029B1CA5D24B1DE3C7D7967776F618900E0B35B02D25F81B05BD38946458BC729F98554A44DEEC9FDB7247E30EDFCF72CF7FF4395605A3BC13388B9704D3EA6B60903F955C2A46E806ECE95A960CD37AFFB0A86862281A544D83605F1D862322C69BA73154140CE3B5CD050EDD397F3C532AE3873D299BD6F2FC7337A1BDCC8CC3539FC8FCBDAABEE8A096A662731B87B254F5F776F1F585D5B9E53CC08DFFF2EFD150F02F985A684E190B0B2959788E87CC3DC34DC68F1389C783FE6D304C2817E3AF9ACF2F5C534CAEBA62C8E3DEB82742EEBE37FD335CB4A880ACF8F2D02EFDE3DD0AF9E24D87133CA1BAD8EBC41E9E55DF326BF654EFD7ECC5C58468542F21253C4305D088182A0AE87F44E4CC2ECB585F6AA2434553D1BED1840A7752819DA2513E7D102385D8A7743A6E49F912B2D6B60B98720D18ACD667921D862B0923D2DFA124BE540EE80CC8F26525E4A61B4AC99892EC6662E3C68AE4D419AE04EBE3B8C3552B948E115474478E724B4D2328EC566CA42CC38519CB86EB11438D56C2EDDBA8918B2590CCC817310A2FB594C8223116243FDBE21616654C262B15999A6F2645C998875902CCF79EF686E587B5E8B128F49216DC0CEC60A1F3D79224F32178A8650D26C422E20CB66891836EDA64B8686A269F380D5F6DEF95A457D053A7298913D27CE8FE72B2E8930571F2BC3E316A9A0E981D5CB7FECF81E348F015D3893408155178A33A28BDAE81B20482A773213CA096D2582506F742CC70B2B943202DABECBABC343686806EFC0ED50AEF5DF75C6748952572727FF46DF4705BB492435042EB8E1D63B470D9C27A24E55128C974ADF4DFBEB36CC494442BFF4C30D852B7F0AB5E33D1D9782E01F5EFCCE47D44C14CC489AD04530FDF8FAE9664DE859BD54762E4A05E3A5CD830641CE81199846341EF3AAC557C568B7CD64C27F9DC954376459CE6FD0FA2A4E1ED3039766C685A5433D5492EBE30271D5D3C1BD34F4C557F8151F1D5D1BCA4CF7461478910D3E7368728C0BE1DFA66795714F4EA0558E1BC035E85E58122D7F9DEBEC8BB99EADF5A52328E49A169023177858EACE002EBFC8EE2B122E35C847A8B445245AEBDBA04EB9E6A9D7CF4F1E3E4A1478EA72D25F02D2CA3A7286C6C8F82F32A84C09D6D3DE027F32ADA3C9E6AEB29D52924161DF242A85159C58A3D6336F444FB66679538299118A5D1C9F3E7EF4F9DAEE75D5192CA50A648D2CB10F23995F80DB72478EC956F6AC30944ECCB610BE5701F1F7D62DB7353E9462B5E3BAFF52226CBBA1F62C1D91E55D1DE79374C1EFC1937094EC0C0D8ADB8C7EBBE4D9BCCDD18935C031CEA5A2F2B9164D0A8BE07AAAA0A9C5D5D259168143F1BE0EA187661B0A2F2E1F6ED630F150FCC0E9C2E5768DCD1A3DD868A820E12DE28F1B54C99637A538C79FB341897D7C1685CA44B8F1FD78992E8BF037F63320D56D3EF925974156069067932DD68BE53595EAC3768F181A462A2DAE5FBB78D7CFBDB091A1899D4D177902BFD88B8EAF32905A5B37D595861BFC8571E9148F00FE07DADA1A2C0A0D9E70D46B79A2CC446D03D0677DCED50989FE8A661EC0BEDC5C5774DEAED8D693FCE43FF138CCCACA601BA79E40181C5AB397A8B8AFC462CAC12AB723DD6A5EDD255118D6684C9A8CF475F51464A8439F77AF9C2CA0370057377AD5EF044E5E0851C8995F3128C4479EB0DF40A900D1CE53C4D2F1D467DD2D7A7568CD3669EB08363AC1AF071E8D647AF9E27333CC38892A568287D0316EC397AA971A1DB548E0BF61DBB14A38FE64E5BF4CF419C0778182BFE8D98D4A85B610A63AC89DE82DE7E7E0A38A7D158790C38F2D5F3B3EA3D098A2B2F2F224F3CD94DDADA873C2709A4C597E2A29CF76738A44982168B31484E7F4B05FC5AD7700363E7629A7EDE70D918A6A7F40574DA997F4E9C317ED9C4E7C06BE803A630CE8FA2303636251F5514DEA198D724B69B5785198A80E64A2C446E1882E8BFE1EA9925B01FF2AA286859478D3C6B1B3707558A52502090A79EA8206BD61D235BB685489785A95824AAB686664C73924FF85DE4DDC61C1AD1B8874D5FA20618913EEACBC18263C0257C07B51CB6A2380561BBC4E4F7D1E1AA3644F21AC0765E82C7112711EFD3DA200B13A03C2A85F01B386C39E8B494A41BDB5C636D30E78A121833662C0BF72E366A54A842AC37C3CAF9047593E0D50396924EACE29B5292811423F13F854DA555DA81BC9FFDAF5E72F30D6370CA60C8A82F1F2F921F0F9E6494A4A1B4295EE4B4C21F68566F247038F0F3C0BFA9205128D01017D8451816B20DE0347C0F51B6995B4C876AA69D57871C62A2A8EC8FEEC08D90B52DEFEDF90ADAD33D00263A69BCE363B0EBA3445AD6E216FF828675BF2F24FDBDC5ED865249B74723FD3780466B1B45141DF52F1CAEC27B2B7B7A3A7971733AA6B71639CF50427D7F8676571ACB42890FDD9AF312A48793EE440B943B2B74433F6E175879CF11A2E86CCBE08D3DFE278AC62D7CE7AE30894462ED40959FD349892BE98FF3CB2E5045707A366797761452696C434167138E9784363646AAC3CA83258563A6112AAC053C14C7F1272489C1855D86A3C2AFC1D9B48FB0E83EC46FD554124A9F13A8D38F9DC32BE24AC279188F28D0D066B7781327CC10B0CCCCA6C851796A06BA189A3A1CFF43C29846509C4D81566884527E1AD1179455DBA635E8460C4489F8DFB878E5A74619BEBE2544BEFA8D4E72DFF7C691A261D815ED8764F2C863C7C96DB75ADB276A5436358EBDB9FBAD891FAA61231B5308857B5AF3DBA71744100AD103A9E18A92509438A2ACABAB0BEF2B0F16143C2CCB917BF968821C86867820D1DC66C4E9939F184136E3C6CC6F0D6CDD4FEFBF0D1505C333CE2427B3CBC9FB8EF8EABCC0D81B28D2ED9A5C65F62486CBCFC1183B80221896020DB8CE984233074BC0C686CA16DCEBFB167AA2B38D12725B65C9156DD8413C862CBEA890544D3614B12EAB471FEF262D0109CA524A7CDE1C0FB0943CA39B7106048E54DCDAE2765C9E812C039AD5A0C5F253ADE6028E14A711729B512754AE5C7930B0E6FBBF429B988C7C16EB9025C0189DDEC7B4ED3FD8B889EF90D6F86427818EBD18DEC2A2261D7E0C13059938C4737CFDD1ED9CDBE1F2F2E2D0F1235C11C60D9FBB3607D15D34BEAAA70727DDF063F06EF1A710DC0A2D4A08EB16B8B67FAE858BC3704FD60259965F87DEA22AE6C2F8F10229C779143EC2C46D9392624A26570E2810BF79E570874CDE7E274C24B56992C8A0A88842591C2493F78BDB303B776530F829DD37658277CE860D34AD474E6488177452AFA15318B6B19DCCD3CC3BF6582D9C1C94DE48A645595E44592E4986419A5732CAA6C0CD9DB2C993B9F17166A24D1525D39B7CC7A946B20F6B66DD2A7A81BE965D77A7E2623A1241E53E5F35A8243CD5848E8E5EDC4FFC6D6CB77ED434975124C41DBD6FCCAA6BFE257AAA1BCD16A3B313BF3180BFE184BE3E46F6ECB57435964E7638C123085FC9A4243A89F30E4623550A3C258D24782C252F96365DA24E61BF22298BD069A5793B8D462A7456B051C874D068D9E7D8C04BFCA913188C361F6A11A714321751BA853AC473AB22F2B3A9DCBC21F93114FEEB10525F2AEE448C4F99E05B81F2BE782296CDB84C149E4E7A73D3B6AA578CE946114B8507C61E3BA6DA20C78FE9C2AE989E5C2AB41599954DFCBF6498D13BE8250CE7CF1151380FB386994C70CDC065E60F218D2A2F231EF953144A9A6120FD1C67E42FC4B9E505986E6DD32B080AFF132ABA67A2328FA152BB41A7F25AE8A51B0D38EF8D698DEF3328EBAF4723FFACF2A4A4878AF4FAC61DDEC7B24A9FFF44218C74DFF77AA7DC9D9A55440E5D960AC3D468A7B7B53588B6827FDA010805F6ED56746A7716383CBEEAB07C55FCC0597528B4DF1B966E738EAFA814057A3DBE25EFF80CDB1C6DF1883768676509CA4F7DF4E17AFC1E6C7A3AE2292ADD339C4B1DD8EAD542E7DAB51323CCDC367BA39272C38EAE5E1D9BFBB0BA3A677B7BBBA6653CE9D45323A95BAB8DF8729C7F5E608922B3FB3054F37D5396023EE27BF8CC3B60EE34E19BEEC1376FA70EA15B90853013A5628509A5309C6BB0B57F16E870D7319B87694199954CD05149E88D9F753A853B77BD55D56A252D4E8E9E892971BEDC6EB1A2A03ECCA108872B66CC788FBB78B5CAD7E672CD5204A522192728C2A1CA48640F7E186A06A5B26A6707E789861F441B6CB2D20679DB38B87717FF19C0B25405541C4287AE462617CC7E379600AE2B3A175F877B71CE4583AE41A32F82A1C97D8C984ED24ECC710FE2BD1967B8F7528134160AE20EAB07A760CCD2DA735AA70B32EE0950F8EFB528D3D120AA91E744F01E8B3C3CC813FFE00DA2A411F96E743884A7AD2A88714D4F5EECFF038B32189674955B200000000049454E44AE426082);
INSERT INTO `mall_file_server` VALUES (2, '2020-08-28 16:35:56', 1, 'fruit.jpg', 0xFFD8FFE000104A46494600010100000100010000FFDB004300080606070605080707070909080A0C140D0C0B0B0C1912130F141D1A1F1E1D1A1C1C20242E2720222C231C1C2837292C30313434341F27393D38323C2E333432FFDB0043010909090C0B0C180D0D1832211C213232323232323232323232323232323232323232323232323232323232323232323232323232323232323232323232323232FFC0001108013901F403012200021101031101FFC4001F0000010501010101010100000000000000000102030405060708090A0BFFC400B5100002010303020403050504040000017D01020300041105122131410613516107227114328191A1082342B1C11552D1F02433627282090A161718191A25262728292A3435363738393A434445464748494A535455565758595A636465666768696A737475767778797A838485868788898A92939495969798999AA2A3A4A5A6A7A8A9AAB2B3B4B5B6B7B8B9BAC2C3C4C5C6C7C8C9CAD2D3D4D5D6D7D8D9DAE1E2E3E4E5E6E7E8E9EAF1F2F3F4F5F6F7F8F9FAFFC4001F0100030101010101010101010000000000000102030405060708090A0BFFC400B51100020102040403040705040400010277000102031104052131061241510761711322328108144291A1B1C109233352F0156272D10A162434E125F11718191A262728292A35363738393A434445464748494A535455565758595A636465666768696A737475767778797A82838485868788898A92939495969798999AA2A3A4A5A6A7A8A9AAB2B3B4B5B6B7B8B9BAC2C3C4C5C6C7C8C9CAD2D3D4D5D6D7D8D9DAE2E3E4E5E6E7E8E9EAF2F3F4F5F6F7F8F9FAFFDA000C03010002110311003F00EC74E7F942FA56DC0DD39AE7981D3F57B8B490FDD7201F5AD98240CA39AFC9F1D41D2AB283E8CFA7ADEFA535B334D4E4F357E053B4145EBDF3D2B2E37CD598E668F815C986A91A5539A479D520D9A0D2145CBB8047F77A9AA725DB31DAA703A7351C9390BC7E55537331E0E00EF5D789C7CAAC7960EC89A7456ECB624F5AAF7120D8691E508B8CD519A532A909CD79F085D9D14E9DDDCF2ED4752583E20625056391B6827A1C0C576092AE460F1577C41E0DD37C4E9A6BDD5C4B6EF60840F20005C9C1E491ED566DFC3B691C6159A53B47196C935F498E961E31A6A12BBB2B9D787C4A4A4AA2B6BA105BCC3FFD553B5C60673C55B1A340AA36161F8F4AAD73A3C850F9529CFA115E3B95372B365FB4A5396E66DD5F800F22B9DD42F24B8B69963F2F1B4E59F385F7E3BD43E22FED1D3C132447CBFEFAF2057311EA46E2378642483CE3D7D457BB82C2D92A91D4F5A8D2824ADD4CC795141819CB47BB32327F19CD3BF741CB46FB10FDD05B9039EA40E6A590C96F1384443038C1122062A33D8F6FC2ABDBA5AB47235C1955769D85006C3760738E0FAD7BFCDCDAA3D28B5044FE7B5C43142C635452483B003F890334F568ADAEA29142DC46A433230201F553550CEDE5A4676F94092AC1064FD4F5AB20A45B1A32DE706041C71FE7350D58EFA525243A793CE743E52C602E06D18CFBFD6A5DFF00679A19925591D30D820E010781CF5E948E6EEEB0F287F2FE7DA48C28206E217B0FA0A85DA38CAEC93CCC804F18C1F4A9B1B45C748B3A7B6D6F4DB76D475111C925DDDA489F66923531A973927767271DB815CDC82DBC8E1E5F38751B46DCFD739F5A998FDAAD53688D7ECE9C967C1619EDF9F6E6A9994244C8541CF438E4568E4E564CC29518D2BB57F3D7A2DBF0F99B5E1FB88E14BE8EDE462EF02B10EB8F981C903DA9B756D6DAB8DB32B09C8E1D461C63F9FD0D5AF0B69725E8D43CF65D91C2218CA1040663BBA8F607358B73A94775E2B9ED27BA960541E52BC254FCD81D720F7CD72257AD2E5DE2AE7C0E7D56D8B52A6ECD25AFF5E463C90C96374D1C98201E187461EB5A1657655864ED1EC2B0A55682F64B795F7488E4163DC76356E2908932CFC01D7F0AF42A53E647D1E5B8BBD3577B9DFDA6A3FE88D2C970C25246D5EA5BD735D19D69C68F14A2E207990ED56289BD076C1277647D38EC6BCEEDB5312341298902DB9524738623D7EB5612FF00C8FDF388D95C30518CFA8E9DABCB74A506F96E8ECAB8385669DBF2FB835ED4A37923F29764B18F99C13F39F5FAD632EBB7504DE689371EA437427D7EBEFD6A6D4DEDE4810C47F7A09DE79F9AB9F9C9472A71915DF87A31E549A39B3254E54BD8CD5E3E67A9F87BC79626D16D3512F1B29FBCDF329FC7AFE7F9D76C60B5D56D6392DD924899720AB0E9F5AF9CC5DA416F2B9C333260123EE9DC3FA0FCAB6B41F13DEE9EEAD6970C847DE889CA9FA8FEB5D5ECE505A6A8FCFB19818D39FEEDE87A8CFE1F405DC440BF3862BCF4AE76E34F31DCB2ED3827BFB8AEA344F1CE99A85A7D9EEFF7139E9BBEE93EC7B7D0D69CBA5C772269A2C10A07E60565C9192F74F22A5168F35B9D3D9D55D06D646CAE471E87F035416D983319D304B64027DABD225D142C2C194803BF63C573935AC733C91282D81862A381D4609F5E0F1EC6A1C1A317168E5248E2662320E7B1A837CF672ACF04922919C9527233FD2B62FAC4AAC62404C6220CAEA9B4B0E707DF8EE2AB4969208C4B1FEF63555DCE9C81BBA67D0F5E0FA50869987AB436B7F0BCF198A1B91C9DA362C9C64E47407DFA9EE39AD9F08CE977A16D9215736CFB198025D41E4703A8AC5D4EDB08CE1B6EEEA31DEA2F0D5F49A6EA4D038DA9749B46E3804E7E527DB208AEB5EFD3F43A17BF02DEB26DE59898BCD7E4832383C9C9E99E7F3C573B28C123B5757AAF988596E0EE77059B61FBB93E9E95CB4CA03903915A53772A9BD0AA7AE6BE8DF06DF0D47C11A54E5F256211367D57E5FE82BE73618E2BD8FE10EA1E76877BA73FFCB0983AFAE1C7F8AFEB5E6E774B9F0CA5D9FE7FD23A20F53D3ECE22033B118CE055F8EC44FCE31ED5461C411A6F718EA47A54DFDA291B00A7033D8D79342746104AAF42DA7D0967D29228F729076F6F5A8BCA090852791D29AF7DE61605C1F6F4AAB2DDA4446F24267A8EA68AB570D16DD35BE824998FAECF7D613C53DB4831D1E371C367A73DBBF354A69F5AF105A8B5B3274C561FBF9DBFD60F5541FD78ADC9219B50B88D8A7931AF2A5CF27E9EB5A51C2B12907EF3723A75AE7A58783F7DC76EACB726D591C9D97C3BD22CBCB9A688DD5CA91FBC99CB127D71D2BA9465B3FDD82360185E39A57B803A822AB0B9373294857E41C331A8AF8A8A6E5195DF9951A5DC4755B8989CB367DFA56A5AC702AEDEE7A93DEAA222C6985EA793EB4F1CF03935E4AC5B5539AD73450563A1B48A12A38071EB52CC15F938CE39AC889A485149240C7AD4A2E59933C915F4F433082A4A128D999388E74F9F86E3D29C060E01E2A067F9B23A7738A6BCEB180A339ED59AC5D382727A2172B669C072B8F4A9801D71CD55B66021F31F001C52BDE276207B679AEC55E097349D869684EC01ED496C19273C1DA6A89BB25B029CB70EA739FD6A2963287B4534F660D33668AA515FAB202DD68AFA28E3B0F249F311667CF5A6FC418F55F2935C93C9BA4C28BB55C86FF7876FAD7A169F761E05911D2588FDD9236DCA7F1AF20F1A7816FF00C21AAB432A992D2424DBDC01C48BE87D1877158BA76ADA9E8B317B0BB961C9E541CA9FA83C1AF0730C9D576DC2567E7B7F5F79D586CCA749724B547D1F04E1BA355C49ABC5F4CF8A9750FC9A9584737FD3484EC6FCBA575BA7FC48D02E800F7325BB1ED3211FA8C8AF97C4E4F8AA5F62FE9A9DCB1542AECEDEA77E5C1A86491541AC7B7D7EC2F1375ADE4130FF00A67203515C6A8AC4AAB0FCEBCF5869DECD1D34E8F36AB62DB5D79D398C02547DE20D4B180A001D2B36DB2A9D72CC72C7DEB4E3E471D6B49A51D11BCE3CA89D39381565578E7A54480601EE2ACC5134A70A338EBED5CCD393B456A724E40066971C55C8AD074247E0DC1A6DC5A88581570C87B8ED5D12CBEBAA6EADB4473FB58B76326FAC22BB85924504118E4579078BBC1771A73BDED82968BAB22F6FA57B695DC76F53546EECC4B194C020F0735A6031F530B3BADBB1DD86C4B87BAF63E71B7D571B6298703827BFE3533811990C430AC3E6423B574FE3FF0004FD8D64D52C530ABCCB18E98F515E7515D4ABF2EE257D335F73869D3C55355693F547B14F1DCBEECF55DCDF7B58D227659C3965F9531DFBF34DB7910B445999235F95982E483F4C8CD671B80DC74CF634A92B7AE07AD6DECDDB53B618850968CD986E2E27B85485B736180C90320820E4FD2A47BA85EC23B648423AB16790E0963DB1C640F6C9ACA8E78E42CCF324642E40DA46703A702A75BA83EC4E863FDF170565DC78001C8C74F4FCAA1D367653C441EACD592C00D422B3B39C4ECE146E23600C7B726AA4D334B225B5E5C148A205410BBCA8193803EBEF55239E3103B33B89770D983818E739FD29A9711245289635777002B92729CF518FCB9A142C54EB5E366FF2FBCD7B0F115C681A1DCC022955AEB2F0487818C15DC3D791FA1AF3E12DC25D1BA193286DDB8FAD6C5D2CDA83ADBD9F993C8170500248F61EB59DF6BBA86C0DB617C977577E0124A82073D71F31FAFE15DF86C3C617925ACB73E1735AB4DD56A3AF764D7D7EF79751CFE5AA49B0799DB71A9E1BB47B720B0570DC6E603B74C7F5A239ECA6D28C06D02DC09771B85DCCDB3078C6718CE3B67DEADE910DA68F1C5A86AD631DFDBDD44CB14293ED647CE016C1CA9E0F507E9CD6DEC23648E5A18D9D05CB0160D44490B888AA21DA194B6492075FCEAD457EA93C6CDFBD441F75BA7D3E99AAC96FA849A75968F25947025CDC7996F752C7E5B396C0C798700AF4F6159BA8C179A36A13D95D47B66858A483767047B8E2B09E15743DAC3675251B543526BF716862250A17DDD06E071F9E2B1AEAE833707B62ABB5CC92E3038A963B5246E6E4FD688528D3DC55B193C4DD53D8843492100E4A8E40A9231B1965259307EF632335722B484C608B868E6FEE95C0FCF3FE151CB6EF10D8F8C7623BD69CF16EC79B522A2ED276668DAEA05187985483D197A7E55DA68BE2EBDD36311EE1341D958F2A3D8FF4AF34D853FD5923D466B5F47679DCC714AAB2153889C7DF23B29EC4FEBD3BD72D5A09FBD13CE9C149D8F78D1F5EB4D62CC323827077A9FBCA4FA8AC67BBB7856EB54D2465DC186EE07E011D988EC41C1041EC7DEB8351A868B75BC89209570370391D3383D8FD2AFC53FDBA732E44172C776D3C2313E84F1F81FD6B96A559C559F43CEAF4651D628E83466B03A3CA972CF75AA3C896F02BBE4451E412CB907038C1C76F4EB599AA68573A7EF78A27491F21E20C76B8C023EBEA3B702BA8F0AAE9B7170565B08ADAEE227736339048E467A7F9F5AE8C68E9307D3B7096DDDB36521E4C3C12C84F5DBD31D8723D2B5A5173827739F91C91E297B6FE65A65E375E03608E41AE4B50B592098480F4E411C57B56A9E1FC4F70500247CA723D3FFD55E7BAE5A7D9EE0C53C64068D594FA8E87F506B4A5274DEA1093832CE857B61AB699299A28D2F234F9DB38DDEF5CCEB16DE45D9503191918F4FAD57659F4BBA49EDDB1DF8F4F7AD39AE9752B7DF95DCAA0608E471FCAB7568BD36364927CCB639D7041CE2BB6F859A90B6F159B591B6ADDC2D1E7FDA1F30FE447E35C7CC00C83D68D3AF1EC353B7BB8B878645917EA0E6A71347DB51953EE8D93B3B9F4B19F25F924E6A379092093D4D57B7B84BA8639E2C18E550EA7D88CD485B385C722BF3C69A7A9D2B626490839009F61DEA75DB3C7B182B06E4F43592D78CB705518A28C82C0F3D3069FFDA0B6EA06E04E3B0AECC345417330B5CD91225B84092FEED79DA548C67A81EDFD6A17D457CCDDC10475ACA8EE6E351945BDA44F34C7A22FF9E2B963AC6BB7BABCDA7E8F661EEED09F3A1993E65E71920FA5747B2C4621371568FE06D15186FB9DEB3C9738DC4AA7B1E4D5B8B6A2855C003A015976F3DCA5BC2B7EF02DEE3122237048C6481E9C8ABAB26715E2D58CBA8DCAECB60F15661745E5AA92B003934EDE077AC62DC657422ECB3EE1D78C52DB380A79E2AA29DC29CCC538078AD615A6A7ED189AD2C5D32820ED3F37BD41C6E25CF4F5EE69A3CB5854B3132373C1E8299B831041C8AD2BD59492E6E8248B2F3CB70557A20E833562385631CFCCC6AA46DB48357A272ECA4E393D2AF0938D49DEA6B21C969A0B1A163F328CD4ED17C9C20FC4D4B1A80715385041C8E2BE930F83F7796E64E57321894623637E1455F92301B819A2B96585A89B5CDF807323CD7C4BA5CDADE9BF6396E25C236F504E5723DBF1AF26D5740BAD32E4C73C4DB4F4703835EE7A36A163E2CD21350D39B2DD258472D1BF7047F9CD57BAB18A5468AE205910F055C569F5CC4E0E5CB57DE89CF5293BD9E8CF9FDACF7E70391D6AB4B6EC9F77F2AF58D63C049E5B4FA536242D9F2DDBA8F406B82BEB39B4F91A2BCB79217CF01D700FD0F4AF5A863E15BE17F2EA63FBC8EE8E78896221C3153EA0D6969FE23D5EDAE6244BC91D4B01B64F9BF9D23594D3E4C5048FFEEA935269DE1CD6AF6FE0169A65C3B79A00F9368CE7B93C0AEBF72A2B49266F46AB8B4D3B1EDF65319234603A8EF5B16FF740EFD6B9ED3A4C46AA47238E6B76DDB9C57E7D898B4DA3EC6BAD2E68C5CB7D2AEC726D040E84723D6A842D839FE753EF041ED5C1771774799523765896E8B0C13C0A85AE86D0013F4CF15524724E0734C55249C104FA0AD39A6EEDBDCA8D28A45E494138E093D29EE31C1AAD0A6D604D5A6200AC656E844924F430FC4311934ABAD88ACC226386E878E86BE785B28CB0ECA79FA57D1FAA209B4F9E33D190AFE95E057BA25E69DA5437D74EB009E4658627C87751FC407A7BD7D670F4FF007738F5BA3DACBA54D2FDE6BD8A69A15DDE893EC56D35C18D77379485B68F538AC591A58CEC0198938DA2B734DD5B52D32EB7E9B792433B8D84C6DD4569D8E9D1DC5C2617CC909DD2393F7BD79FF3D6BEBB0D4DD47CACE7CDF150C3DE51D2FB7FC139886C6FA67F922639F53534F0DEDAB793321080E700E4026BD42D7462EEA914491090601C6E19FAFF009E95B7A8FC3C17D668EB223345165B3D7A6738EF8AF46583A76B5F53E729E755E32BF43C34CC7CB0C4119E99EB51DE5DCA72FD4101412B8E831D3F0AEBF5CB7BE874E3A7A46AD0A399009231BA33D4ED6EBC8EDDEB899258F27CC4DD8E00CD71D4C3FB292BAB9DDFDB152B4747629ADD4B16F313329390581C707B55FD3F56B4B7B6BC8AE2C92E659ADCC513B13FB9627EF01DCE323DB39AAB05D7D9A29D523467994A82CA1B68EFD7A1C77ED4FB4D365BFB79DADA267682369A4C0FBA83A9AD96879D2BCAEFA1ADA636ABA569971A969F71E4633038F31439DC0E4143CB2E01CF071546DA3F32263E59902FCCD8538001F6FC47E34BA55BBEA92A69CD2C3109186259982AA1F52DD856A68FE24D4BC297979676172804AA6DE4CA0659067B6723D79A370B72EA32D1358D7EDBECD12DCDDC5A723CCA858B7951F193EC063B62A36B6FF84875A9534D85A38DD0C863966DECBB579F98E33CE6A8C73DF584B1B452491F9C8D1B2ABE18211F30C760431AB779A74DA6D9C22F2CEE2DE7B85135B4EFF2ABC673CE31CF6E73F850D154EA59A652B48541CB0E09C74C9FC2B496DB254290DBBA01D473D3EB552D4B185032E09191EA6B560848C0CA9CE0F5AF36B4DA67D9E5D423282B0C101B7B955B884B7967E68DF23F03DE8BAB4636E2E51512DD9F6244CF96181C9F61570C1E54CD13BAB856C1642083F43DEB6E0F09C9A8DBE9FF00664955E6DCD3B3EDF9533F295507763AF24609E9DEB0F6BCAAEF64746370D878D2E7ABB1C4369EC63F350800F635503C9048AF1E55D0E415EA08EF5E99A878522B3842C6994C7527273FE7BF4AE4B52D0E48819000148C803D29D0C6C2A753E12BBA52939524D47CCE9341F894D06997B67A95A5B5C8BB4085E68B70571D19941E7F435CFA6A0C56483CC0D086C82BD0E3BF35CDF9324533070467A54534CDB760384CF3EF5D73A6AA24825283A69AF88F43D37C492C2E8656FB443D320F207A023AFD3F5AEC21F10CE6D8CBA7DCC6E3A2ACA4E41FAF4CFB1C1AF0DB7D424B78992141B89C973CD6BE9FE2331382E4C4F8C6E1CA9FAFB571D4C14E3EF5339AA61DCD732D19EA563E297B2595350B29659189CCA24231B9B71F94F04F6FA5644D7D6DAFEB16D69736276902289E3272493C647A73D2A9D8F8852E211148D1C91B1C989CFC84FA83D54FF9CF6ABB358A4E50DB3F933272B1B1C1F5186EFF00FEAAE57889C1A8D43CF94670769228EB9E190ACEF02ED55527693D8115CF8D36DE28565C9525CAB1CF2B8FFF005D6FDDEA3A9C7725AECF984218CA4883054FA8C73EB93DF9AD59BC35A64FE17024D5A13A9DE8172B6D03EF11A2919071D0EC249CFA7B576C26A717CACAA72EDB1E6D3DBC92C2F749139803ECDF8E33DB26B34F0F5ECB15B5A5A58FD8A1817ECF8DA508E1B3D735E5DA9E8F3DB5FDCC51C6CEB11DD903F83B1A583C746B3716AD6DBD0EA94794F55F00EA7F6BF0CC28CD97B66309FA0E9FA115B1AC6A6B616A5B3877385FA773FE7D6BC9BC27E2297445B80B1091242A4A96C631919FE55BDA96B9FDB900963529B3E42B9DD8EF9FF3E95E26232D7F5A73B7BAD9A29E962FAEBC5432FAF42055BD2A56D5B508EDDEF160573D5BA81EDEB591A0D8DA493ACFA95CA2DBAB6D29BC024FB8F4AEAE1F0CC573E218A783CB4820F98B47D1F2381F853ABF57A4A577668DA92954972C0DAD262D43C35E23B7303B4B6D210B2E173B933D7D062BA2BB82D1BC511EBD611BC1762230CCD81B6753D370F5181CD16F6A891AF73EF565570303AE6BC89E795E3074A8FBABF13D1586A6ACE7AB4526D3ACEE7533A84F6B13DD9FF96A5724718E3D3F0AD24861C0CC4B8FA53028EBEF52A026BC6A95EA4E5CD2777E65CA31B68AC35EC60947CA0A1F635564B2920FBC329FDE15A029EAC47D3D288D74DFBE8E79534F6327CF440005CE2A0326E3C1CD49AD5AB5BDBC9776EACE154BB463FA5731A3F8A6C754BD16B03B79857382B8E95DAA8CEA45CE2AE91CED38BB33A7C96183D2A54E48A815B38C54D19C571C8689D78F9BBD5DB6703961C9E95523FA54EAC4E005E95A61E7ECE6A65357468C12162DC702AD237EB5563208C8A5697E608A79EFEC2BEC2856F6504E4EE7335A92484B3E40A298CEA4F523E868AB97B3949B7203E71B4D527F0EEAE9A9E84AF6AC47EFE077DD1C9C9F97E98E39E6BD9749D66C3C53666448DAD6F90033DACBC32E46723D41EC6BC599EFCCADA6C88E3382D0A81938F9867F3AECED917529EEEEEE2FFF00B32F2DA28E7371F2C89F280AAA1872338FBBCE6BA66A359724ACDBFC4FB3CD7278548A9C747DF7ED6D376763730B444E7A5636A62D9ED992ED63688F18900229B73E2F8E358A1D49523BB9630C8F19CC730EC54F63EC7A5652A5D6AED3AB8C6F5C02BD51491823D0E6BE7A583946B59E897F5A1F1F5B0F568CB966ACCE5B51B4B0B391A4B2B936C7FBBBB03F2AA63C5B71646268EEA1768F23014E581F5F5A975DD16D34FF0033CF576907532B126B92B6D36EF5591CE9D6F1BF96A5CEE655C63B649009F6AFA2C1D38D48DD36FCD98C173E963D3F40D656FE1593F88F5C0E87BF15DA5B4C0A29AF05D175FBDB0BD06F24DB18E02E02EDFCABD6749D663BA891C3751C8AF1336CBE54A7CCB667D6E1A5EDE82EEB73B3462475EB4ACB2B1548119E427803BD66DBDE29030D907A1157D256C8653D3B835F3DCBCB35CCB4309D39459696D26498248B87F4CD5F92C2385B31A0DEC32C47538AA50CDB4824E715606A2A25591C0C28E99C5694E545F3464B76ADE4AE7154F68DE82BDA3C4DD095CF06A390ED5C534EAD0CCEC16742C7AA8706ABCB38C124E2B9EB460E7EE276F32A109FDA32FC437DF63D32E26FE158C93F957996AD3E97E2CF08A41A424F1DFE9CED2086720EF0D92CA87B81DB3E95BDF1235D4B4D1BEC6ADFBDB938C7A28EA7FA5795A5DCD2DD79D0167BB73B47F005500631820631C63B62BEB723C1C950F6AB477D3FE09DD2A7CB4E36D1A1DA46D4135C4870506D00F5527AFF009F7AED7C317905A5AC4CE8D2C6DD76A938FA9EC2BCEE5D483BCADE5047723780786C77AEA7C29AAA5B5E46FB5B6139650335F65808F2CA527BB3E7F37A92A96F23D106BFA3681E50D46E961F3497F2CAB31FC874AE96D3C45A4EA939B6B3BE8CDC345E608D5B3943D0D797456369E2AB8BBB99242D3990AAA91C6D53C6076E08FCAB22D651E15F1B5B5D3A4DE4FF00AA6F2F8CE7EBD47B577C9FDAE878F14BE1EA775E273007B8882967DB80A06067FAF15E2DACC0B6F72C89838246474AF59F165C416AD348F766491D1555D4F4CE327EA2BCDB598AD446A6D9C3818C7B7E15CF8E928F223A7009B6E4D687399E41CF3524774F6F1C9146465D4AB63B835139C640AB56D25BC5092C033B2B2306191C8C023DC124FE02B0563B271716EC69784B45BCF106B5169B673C514D2062AD29217804F279F4A8A16934CD7584912DC3DB484B60EE4254F3CF719AABA3DADEDF6A315B589513B92A8CD28419C7A92319AD0D1E6B3B6F1145FDAF6EB716B149896389F6923BE1BAD5195DBDD97FC45AA5D78D3C4A27D36D07DAEE826F82DD33B99463A7534D6B7D5B503359DD5DB05D3226DA2E1CAEC1C02AAA79072718ACFF00B58D2F5D371A219A245726070D871E9C8EF8A7CD65AA5CEA170932489758323C52E439248CF07BF20D4D4925AB35A492D4759A465B240073CEDE40FA56C247099982CA7CA19DACCB8247D39AC5B56588AABED6D9D4018CFB66B561687ECE79732961B40E98EF9F7E95E5575ADCFBECAE71F66AC5878C0795E0591A15FE22BC81D89F4AF48F044FA7A68F0812FDB754B92C4C08D97017202E4E00000EE47535E7604D2C90DB4CFE52E001BF200527393EDCE6B6744D49340D6E2B985A64FDD346E480082C84640F40483F8572B8C27EECF63AF30C13C5D0704F6D6DDFB1BBAFEA26FAD9ECD4AA5FC9380A217DE91A8072AEE3824F1C0C818EB599796D12587993C81D1157076FB0039E9EB4D3A95B5A584D6DA6C9216D87F7B743258B0DAC2351C2F04FCC7271D31524FA75E69FE1FD2AE2F6D24D8C5BC89A274955CE0950C327DB823B1ACE545592A6AC96F6FF0033C5C56570FDDD04AD06FE6DDBFAEED7539DD6ECF4CFB38B8B4B85F382E0A30EB5C34CAF23676E07B5775AB68B71732DF4CB6AF6AA0EE48CA6D5193F7771C00067B9AC45D0E3418BAD460439E56153230FE4BFF8F57A18792A71B3679199E1F0986AA9276F230828587601CB7534CFB3B123DEBA58F4CD2D3832DE4C7D42AC7FD5AACADA6978C2DA5C39F592707F928AD5E2628E1963B06BAFE07269E6DB31689D979FCEB6F4FF0015CF6C820BA46922F55382BF4CFF002AEB34AB2F0EAF9FF6FD1A59B7A85522E0AF967D460727EB9ACEBEF09E9B7970EDA7CF2DBA64ED4923DE07D5B3FD2B1A989C35456A9F93FD0E7A988C15556BFDE8D0B3D663BDB6C612EE0C71BB878FFA8FE552416AC929B9D26E5925DA55A22D862A7AAE3F881F4AE4EF3C29AC59059ACF1711A73BED5C965CFA8E08AEC3C216A9268FA95DEAC26B96B6859E220E3E652A48CE3AEDC9FC0FA572BC3ABA9509EFFD7F5B1E5D6A308BBC25744936B220DA92C3207DA09DDC66B3EEAF627923BB8FE561F24808FE127FA1FE75D14D2DB6AE91C738558C20304C3AED3D037B8E41ED907E959773A25D5A86574325BC836F98A3239F5F435C305184AD2567FD6C6AA7CCACCC8B1B0D2975459AE18476B33797226320161C37B0040AA522CBA1EAD728DF3C7C078F18C9ED52A3A246D05CAE4A931C80FE59AD7B058AF615B89B619E1C2C80E0EF20611FF2EBEE2BAE7370BB96AB6FF2FEBD074E5A5989A568B12CDFDA175187B890EF58F1C2127F535EA5A145E55AC7BBA9E58FA9AE16CFF7D70A0740735DF69AE5625FA57CF66956535EF1EFE5D4BF752A8F77A1B8A415A9028619E955E37C0FC6AC46D8193D2BE7248B921C501C0CF7A7A8DBC5267183D7D69E3040C543336C514B91463028C0152408C38F506B80B6F87D7765E30BAD76C9E04D3D43398893BB2CA7214631806BD02AB5DAEE8F6E4E09CEDEC7EA3BD7A596E2951A8E32D6324D3FD0CAB46F1BF5464C72026AC29E69E2CDC7F0AFE5FD69EB6F9E0021BDEB49E12AAE87329A248DC8E9D2AFC054AF4E48ACC07CB6DAC086156639001824D6346A3A53F797DE68F55A1A190B190B51472005B2324FAD44F292BB454B676F24F28C27C83AB1ED5E8D3A952BD78428AD5116B2D49C2E7240268AD5489635DA071457D747264D5E4F532E73E76D6ECECACDCCAF118E5EB856DA4FD0550D2ED6E248DAF62976A432C6199C0203B671C77E87B536E64BFBFB94D536A3C91A0762983B769C65856DE9BA85B69F7A1EE2C9AEB4D306DB8D91852E1B054B60E321BB8E95CB4A2AC94BE7E47E9585A15F0987E49CDCE5EB7DBA2BFE1AEE335DD3E0863B4BB1A92A319262BFB820A3A90707BF39E33DAB234ED7A4D245CDD5DC4F33DD140158603A0277107B1E7F3AD2D77515BB95152D60B6B58272C6CDDDBCC7E065989F5000EB5CDEAF763EC6EA5258941DF6D11C950A739C135738C673E5B69A2FF86EA4D5A0A7846AB2BFDDDF45A7FC3799BD14769E2E8EE6DA49494886E8A7418907A2B2FAFE87B1AC4D5BC25736D671441985940099658FABB93CE57A8EC39AC1D0B50B8D3B513AA5B49B67879538EA4FB56CD9789F571A94B7B25D34924CDBA4DFC863F4AD1D1AB424DD37EEAE9FD7F5E47CD60F2C9397345269F477D7E6616A3A45B9C8B391C9500E58F0DF8638A93C3BE209B4CB916B70C40CE013DABD323D1342D6F433AB5C4F67692E3127D9E4C18C938059318C648E9EB5C0789FC0FAA5847F6B4885CDB019FB441F32EDF7EE2B68D78D6FDCD7D2FB5FF47B336ACE8D17CF45384E3A34F67E9DFE47A169BAEAB852CC327AD74B6FA9C6E9F7F04F420F5AF9E34FD7EEAC308C4BA0E993C8FC6B761F18C8E4046653E86BC9C564726FDDD8DA18AC3D7B733B33DB6E3588EDE22FE62F03B9AF34D77C617FA95CBA432B4700385515CEDC788AEAE7E4676D87DE981C138C53C26551C3BE69ABB3D4C1D0A09DD6ACD6B3B4D6F5512BD90BB9DE15323F94492ABEBC568699E35D534C1E55DB3DDDBE3003FDF53EC7FC69BE1AF14DEF85AE25B9B3653E626C646E41F7C7AD65DEDCC7717734CC01323163F53CFF005AEFA9468D5A76946E764F0CE73946A25CB6567D7CCC7BED6935BD42F6EB52927490A1FB308C021483F7483DB19E9DEAA8B5F3EE0AD9179620A3E675C738E4531A3B05B998CC972EC5F858982803EA41FE55D0FDBE1369676D6A82358A22AC40192C49249FC315DB2B518254D7FC03E77074675B10E9CF65D4E6E4D39D7716527E9DA9B14925A1DD1B31C1E41EF5EA9E08F0FE97E216BAB6BEBD16FB222CA38049F5E7D2B83D42D6DECF54C4A865B65739DA71BD73DAAE9569C5739598E5945F3C29FC51B5FE7E649A7EB0B6D7B1EA56C40B98F3FBA390A4152392083DEB7EF2F219EF21D4F51BBB549E150F15AC0C4A6FF7DD93E9C0AE7F59F0BCB65A908AD1CCB6735B7DB21909C7EEB1B8FE239E2AB69168D3DC84CB149321801F3301CE3FCFA57A143151ADF0ABDCF91AF8254E1CF2969F89ADA85BEA9793ABDEEE326D0CA9238DCCA4641C75E958FA85AB8112C90F960756CFDEE7A9FCEB72E56CE32A235DA63CA1048DD8F5C7AD52BAB6BAFB3136D139539DD1609DA3008CFEB57570FCF3E694B53A30D9A4685154634972FAEAFCFF00A472373108E564C8620E3729E0FD2A286DA6B993641197278E0559B98DB387C063E95ABA65C2DBC4563810BEDC02FD8FAD4421AD99957AD192BC0AB6DA3DD464B492795F442455B1E189A5266595A4DC4E005DB93F5E4575362F73A9AC6B22C61A201BE525401EF8AEAB40D3E3FED28ED66B85456E3783F2E7AF4F7AE954E295CF3E55A7F0DCF218B48D596FA286181CCAC4AC6A3A9EE698AF7F6F7EB3C68DE6C6DC927A9E8457B778AFC1B1C31BDC67CC1F783281800F7AE0F4BF0A5DEA9ADAE970201348C42EE380073D7F2AE4C54396178ABA67AF9553A58A9CA15A5CAD2FF87D4CC9B4647B6975280B7D9447E6322618C6E71F29E7A64F5F4AA96ECFBB85FBA327E95D3C76775E12D73C9BDB7570AE61B9B77FBACA47AF420839155F57F0F4074F1ABE852BDD69ADC155197B73FDD7F6EBCD78AEA38CBD9D4F93FD1F9FE67D25152C14E3072BC5ECCA2183466669393C003D78FC862A72E9E4800EF95B07209F97DB18ACC89D0C40EC6057963B80047B56B6856526A5792142638625DD24B824A0ED8C7563D0529C2DAB3DEFED0A74A9BA93764B734EC04FA9471BDE48A34FB25DB97F9540273B410392739C7D6ACD96BDA969D6D25B68334D142EC43CADD49F65C903F9FBD5E8ECA2BABCB7B098986089408A10437CDDF711DC9193F5ADE6D361B0B757F28796AACD230002AE31F8F73DBB0ACE0DB7747E7B9C710D7C7374E97BB4FB77F37F9FF99E7D2D95EDE4FE7DD4D35C3B75323163F993489A2B12C5B200E99AF4DB1D3EC245460CB8906E1938CE6A6BFB682D2D2E5A7B6520A9F2959B6E4E31827D323D7BD68A0DABDCF9DE593D5B3CEADF43530090B0D9BB687C704E71D6B52DFC3327DA7C86898394F3381C019C0FA679AE994C434B862B4921B4942AB3A01BFDFA9F5F5E69B06BDE44934CF1306660327E6DC000071E831EDD3EB59DA1F698B952DD99B0786CA3AABA10093F30190838C7BF3CD680B1D32DEE6CE1330226CA3038C871823A740430EBC823DEA1BDD5E178E29A6921FB4C7C6F4C80E180C82BF5CD65DC6B96F772A3B2C71CA8BB15E28C2123A7246327DEA5FB25B05E28ED22F0E69CA819D955C9CAB29C60FE15CF5C45796FACDCD9C309B8B7BBCC0F25B2237CAEB8DCDCF0C3D4F51DC77C64D6EF844D1BBB37BEECE7DF3505AC9A92CB2C91A49F3BF99E6460E73EE476A7F59A71D52B14A6AFA23A9D7BC3EB650DA9B4B471082D192A7722AF51CF5E0E7AFF0078F3583A6F88DF46B99AC6ED1A7B4906C9233D47F9FF00F562AADC5CDF34E6E26BE8E07E327CE1B8FE032475AA7717315D49BA7B869DC7004509C0FC4E2B1AF52159DD2FBBFE01AD3ABCAF620D5A0B1BC8B527B2B47548C2B86673F2E48C9231D3271C9AE46CEE1AD36BB49200490CA463383D335D6DCDE5AC5A73C36CEC1E471E623673C74C11DBDAB9A9209EFEF0A92F1C3BB79041C038EBDABA30CFDC7196DE67645A6EFB1D8785AF9750BA9D3CBD842061CE7BD7A358E56351E95E7DE1493ECF7A2DDDF7EF5C0623B8AF41B6CAE0D7CD6696F68D25A1F4B97F2BC2A4BCCD988FCA2ACA0C8C75AA30B7201ABC99FC2BC09AB19D45664807273520C0E3D2A2CE4669EA33939AC59831FDE9738FA5341ED41F5A9245DD4DF2C4CC10E7AD2839069AB26C98575E0945D78736D726A7C0CB02D0AA9070CB556E21789C32E707F4AD657CA0C81D2A09F6819ED5F71570B4E54EC8F2799A666DDC6CD124A012E30081DEA15136DCF9647D6B40B868CEDC63B53883C6071ED5E3633034EA4F9D3E8BFE1CD6136958CC0D2EEEBF956CD9DE3C5857FCAA05B5121E9561600176B1CFA56B95E1ABE1E6E51761CE49A35924575DC0D159C842AE09E9457D7471BA6AB532B9F3BE91A77DBB544B68A75C17C03D03AFD0919FA56DB78A16175D3CE97A6A185DA3F3A58DA454F9B921493F9572779796F25D6FB7B7FB3C470446189C1C73835A7AAD98B97B36B5B492D80857ED12490948D4F1F36727230473C7D2BCA8B947CBEE3F59C4FB29CA2EB6D6D1767E767AFE467DF5D992FEE9EF5DAE1D89C488D819FEF631D3DAB0753BD678114CED28084056C9D9EC3F215D15CD8F976ED7B05D46BBA4F29BCA7C840720F07939C678CE075ACBBEF0D978AE121B90FE4A79FBCE0068CE00381920F238278ADA94A3CD79B3CFC7D694A9F2D35A7F5F71CF584CAEB2C64F2795AD58D42461B3CFA560CD63756332B02A480181539E08CD6C586B2BA6DCDB5D6D88C8007559A3DE87B6083D6BB6AC39ACE3B1E5E0318A9A70ADA496D7D0B324BB6274248E338F534B67E2BD574090358DDB283D626F9908FA5676A5ADADEDD4B705635790E4A449B107D076158F2CC647CB1C934470EA7A54575E64E638DA7561C8B53BE6F10F83BC4DC6BFA5369978DD6F6C7804FAB2E3FA1FAD38FC369D2D8DE6877D6FAC5A9E43C2C15D47BA93FC8D79FF00D9CB26E2D8E7A5741A2EAB73A44D14F6D2B2152320310187A1C5655684E947F712F93D57F9AFBCF3309427ED39E3BADAE58974EB98E716EB038B8C85F2DA3F989F4C1A842CB04C60BA8DE2991B6B2BAE187B60F7AEEB4DF1D5C5E5DDBC57705B5CE64015A5015E3E7A86F6A83E26F8A8DC2887CBB77BD57D93486305800015C377EA79AC28D49CE4A94E1693F3D3FCFF0003D0AB99D4A336E54ED65AD9DCE775516F656D6644F13078B748515FE46EEA73D481E9546EA6920B68DCC4E239466272980E3D8D6645AB3854566CB6EC336013B7D0715D478B6E21B3B4D3EDF4DBE69EC27892EBC9B850CD0487A81FD7B1C57A51C24766704B88713A59AFB8E655C2820E32DD491562CE4552031AB7E21B4B1B5FB3CB6374278E68C339207CADDC706B3ACACA4B8224F30244319EED8F61919FCEB3AB4B963EF33BF058EF6B513A51BB5D0DA8E65C16590AE3A60F35977ACEDBD572F85C9F614D9609E2230E083DCF0455AD3EE2F34CB9FB441385760508C06041EA0823047B1AE68C79754EE7AF89C455AD07050B33763D6607F8716A6E14B5D4524B650B03CEC6DAC41F6C71F8D645B5C2200558AB8E06DEBD2B53C430E9E3C2A24B1B596D2617BBEE2D6400792E507DDFF64F047A66B961048F26D95B642832C41FFEBD74E5F28414A4BAB67C2E26152A3717A1DA586B1E1EB711DCDEC225BA8C8F941C6FC7404FF5AEBEF7C769AD405A0D2218E204602CB92CA38CFDD1EB5E4B6CB048DE5F94F1F718EF9E99AF61F09F8156EE086E19D94346084C0233D723F9D7AF169FBCCF2E6B97DD5A9E5BAE786EF6490DDC31AB47B7014B720FF2E9EF59FA469D737172232A50AB6D62C3A57BE6B1E14824B6922388D946014EC7E9F8D721A868E21B5405237D41613B58023CEEBC37E42B6508B973183AB28C794AFA458E9B0C82DE7B9512491711071B98762013D3F4A6DFC4B6D0FDA6C89688F0248DF70E38E08CFA5721AC785EEE33713338926639055700AE383F9629FE12D5EF227B7F0D4F6F6D2DACF3966691983467192410C3B0E9DFA50E6D3D5682504D5D3D4F4D3AC5DBF8711AE0A4DB5146DDDC9F5048E871FCEB8B93C50D16B70EA360860963180739C9CD6B5CC90AD9CB6F1DC26C0C7611F758570972AD1DC398CFCA3E518F5ACB1294693477654A53C5C2DDD7DDD4D2D4B579B52D424BDBD9DA577C990B776C1C0E3F2F6A6687E36D2F45D704F168EF6881BF7A6D6E9CEF1E855F2A73FA5667D9256804ACC00662B8CF39F5C7E355E7F0F2C253CC0EBE62EF524F507BD7CFB54A69C6A753EF330C2D6C428AA4B45F23D062F137817C4325DDB4BA5CFA3C97A02F99101229607E56DA3A1C9EC39C9AD0B3B4B5D36CD6D211BD50156723890FA9FF000AF2E8AC2E34BD52196C6E63965864578D8FDD27208EA07EB5BB278D16398A5FE9F3DBCA0E1BC9938CFD0FF8D7257C349B5EC755B9F319A617151A6A09351EBAFDC76F16A37913B92F10C907200E47A539B5E6DD20222642A43472A0753F9D716FE30D07E56917515DC3A88D083FF8F511F8ABC3F2BE036A8B93C1F263FF00E2AB35431095ECCF03EA95F6B7E28E8FFB44AC02356DBB576AE0E722B3A5B8BC98812CD23007237B9E3F3A8AE759F0F5BAF175793487F80B2A7F88AA6FADD967FD1F479271D8FDB94E7F009531A551F4FD3F327EA755EE6B0BB9C00D25C20651B41DD9207E19A635F16015EF643EBB10FF005C573D75E2E4B75C27865236EED3CD237F2C5558FC69A84B910DA69F063B25B063F9B66B5583ACD5EDF8AFF8268B0152D7D0E95EE6D8F586795BDD82E7F4353442E9FE6B6D2189ECC2376FFEB57347C59AD14C9BD68FDA2454FE40566DD6A3A85E2C8F737B3C9C73BA5247D0538E0E6FE2B7DEFF00E002C22EAFF03B890EB118CB462D47F79B6C38FE5559A2BABCDED35FC6EA80B1225F3700753F2E6B84B183ED37F6D0C99C492AA93EC4815DE7833C3936A921B99CB25BB13851FC433FFEAA55E953C341CE72FC3FE1CE8A18075A7C912EE8DE1F4D5881179F200DF331508B8F62727F4AF43D33C1FA6DAC3B5E0590B0C36EE41FCEB4B4CB186D6148E240AA070056C22803A57C7E3B33AB51DA0EC8F61616850D211BBEECC75F0BE8DB760D26CF1D7FD42FF8567DFF0083B4A789B658C49FEE2EDFE55D72AF14140DD6BCE8E32B45DF99FDE0A693D8F13D5B4A7D0EF5278030546DC335DAE8B7B1EA36493C6410DD47A1F4ADDD6B4386FEDD91D01C8FCABCDE3175E0CD5C99033E9F2B7CE3FBBEE2BDB8568E3A8F2FDB5F89EC61A14674DFB2567D8F45886319C8C7BD5F4CE38ACDB5B98EE6049E17578DC64329C822B41092063B578D5134F538AAA7D4907E952AE42FBD3154E79A7938AC19CEC51D7141EBED499A467C1C1A561584660BC8FD2AA79BBA61CF7EB4F91F3919C62AAE40E8735D3493835231AF356E446EA4C046BC83C5437327EE9BAF359C93C98540481ED56AF1F6C4BDFA57D24730F6B464D696479EE16632290EE39E06326AE5BCEB21C0CE7DEB2A372DB89353090C6C30302BCDA78D94249F434E43762C63029E4735460B80E01CE2AD89063AD7D450AF09C3DD31698EC5151B5C46A70585154F13453B39AFBC5CAFB1E0096F706C34ED46554962B5253ECE6205540207CDCE7E63B8F3DFA7A513DCDBDADF3AD84CB2DBDEC6C9E54BFF002C031C0CE73C8EA3D0564457725D5A5D48DE5A9F95CB162338E3681DC9DD9FC0D4D0DDC17D6AB6973B239548F2EE58925540FBA7D876C7AFD2B69415EE7E9F4E82BDE5AFF96FF3B7DE5E9238A2B8BCD24246913C8C6391879ACACA385565EBB8E07B66ABC724B2A2DEA2C667B150268E50A14A0215404FE2C1EBF8543017BAB48628E40D241E648632A000A30720F524E0F1E829647B5B8BC8677458D249499A35CED55CF6F6C7BF6ACDF99D6A95F4FEBFCF55F8FE30CFA4417578D147720DAA20779704AA92A33DBA6EE3A554F12DAD96A3E1A8EF6089229EC24F25D5102EE8987C8E40E3391827D4FBD694486EA0C853159DB1C4F2A9C9219B8382793D381E95A367796372AFA34F0C367A6DC45244F7332FCE49C15627D410A71F5ADA8569464AFB1E6E6982854A2F957BCBFAFBDF6F43C88ED14E85774A2B57FB337C8628FE76070BB475A82EECE6D3AE0473C2D1C83B115EA7B44F447CACB093A4D39EC3847F2E48A73010C863F315C70430E869564F36358C6031E9938A84279EE501F980240F5C567BAD4EE9CA30B38B2CC72B46C19188239045457770F77295998B6EF98B75627EB50C0C5B7313955E31EF52380E9961CF3823B538A5195D98626F88A368934DA1EA33E9373AE08D9ADEDE511DC33BE5D18F0370EB8F7A9F46D2D35782F649EFA3B636D16E8CC9BBE639FBA08CE0FB9A7C56936A4CB0A4855AE18F9AEEDF237BFD73DAA5B3F0BDE34F711C2EBB204F3199F0B91EC09E7FFAD5BBAF4D6973C1546A6ED19F676579736776514CA96EBE6B9C8F957819FD456A9B5FECF9FECEB2A4C919DA248F957F71EC6A7D3FC38E227BA9270B6D83231CE0903F84FA7D7D7D2BB28B4BF07EBFE5187C4B71A7DC845431DEC0187000001040EDEA6B8B155A2DA4B63DCC96A470F2954A89DBBA57B7AD8A1E22F0CDA5A68FA2DDD96A31DE4DA8000C098CAB1FFF00581CF7AC4D324874FBB82EAFACCDC5BC136C981E50E3A8C8FC3EB5DF5D784B45D3AC96DADFC4DA5C77BC97B9B8976B2061D1101E38EE4F7FCB96BDD0746D0EDCDD43AB2EB531042456AC0267FDAE7245717D66175CABFE0FE88F42A668B95FBCE4DDF5B59BFEBA19DE2BD6EDF56BAB9BBB3B24892520B22E708AA02A81ED802B8F8EE9CC2A83ACAD83FCAA6B86BB6B893CE578D87254AF407A03F8552476E0E0028D9E3EB9AF5E84631D51F3388725EE9D8F85C4B1DF23831A873B5CB9EA3A106BD8F58D6EE748D2618344F9E4B86F2D1CAEE108041624FAE38FC6BC83C3B7D6CCF1BCC17231FC35D2EA779763558E48A6DD6E63C078972226273C8C7A6DE6BD3B2E5B9E3393E6B197A83789DEEE5BB8757BA90A3E76348403DF0074FF00F58AEDB46F1041ACF8792E2488FDA0A08D8851F2B9383DF8E869248EC13494485C2CE5FCC724F07DC0039278E9F95729FD98BA1E9D2DC19555AE24678509E161C9393FA0FC3DE88BF7AE87CAE4B95FC88FFE1244DB756F73067ECEC51182E4373D3860413F9550D26D6C62D59F5BD4A24430E1EDAD97F8987209FD3A9AF3F975099AFE59D2461B9CB0FCEB4A56D595A2FB4C3345E6AEF4DE84161FDE1EDEF59BAB15B9BC30D29C9462F73B0D4F576BC6370C5119B9F95718F418159D10B778033BC82E5A4E981B4263AFAE7350D8C52C166F2DC40668E54291BC84E11B20E57DFF00C6ACA3C62144300F3548C383D4739C8FC47E55E4E2F18EB7BAB63EE323C923856AACF597E44D78CF13456EF044AD12E3728E581E413EA6AAB9596EBF76863527014B743F5AB33452C36E9382A7CC1CE31C64918FD0D46B6F2CD6D35DC91318CB053260E01E4F6EE718AE0844FA2A93B2DCAAD705EEFCD312BB13F7154004FD0551628ED21962F314A9183D891C1AD07B3B9B57B81344629601878E51B5973C743DEAA2C523AEC53857CB73DF00FF00F5EB78AB1E756F7D5BA11F89F555D5F4CD1ADA2D360B41A744D09787A4A090771F7EB9E4F5AC5B7629202B8047B56CDC60A796A01009E40C673592F6F2ADC796AA724640F6EB5D91A9CEAD23E731183861E5CEB665DB5B3B6B8988BDBA7822DA48754DE4B63818C8ACF4B599B2C995039DC4E302B56DF4F9080CDF31EFE82AEDC59B456AA8620CD29C00474F7A875D2F751C329FB5A8A14D6FA18116A77D07CA970E47F75BE61F91ABF6B7C6E5FE7823790AE381820FE14F3A333328832D21E31534C2DB4C436F148AD3B7FAC97D3D8544A74E5A456A7456C14E8D554E497376E96EED9525211CA215327719E9EC2A36958A6C68CAE7BF6AA1330498E18139EA0D5CB257BA9638CB6726B470E557679B5692A6DD9EC741A35B29BDB0908E039627FDD04FF4AF69D0ACE3B6B08E28800AA00E2BC9BC376B249AB5BC2E3E58779209EA31B7FAD7AF69C46C5DB9C1C115F279E546ED14CF432B83F67399BF06062AEC7C567C0E31D0FE157A361915F235115556A4F4E51EB49D68CE0F5AC568CE71CCBCE08AC4D73448352B4923740430C715B9BB2B8A6B72315A29FB39F341954AA4A9C94A3B9E4DA7ADF7846E1E16DF369E4938EA53DC5771A7DFC17B02CF6F32C887A1539AB77FA5C770AC4A839AF22961B8D2759B982095E231C84028C471DBF4C57B94D43304DB769AFC4E9C6636368CD2DF73D8D2718E4F34E3329E01EB5E676FAFEAD1228FB4EFC9FE2504FF002ABB6BAE6A97538413AAFAE10560F2BA97DD1C6F17477D4EEA5BA4850B3B0555EACDC0ACC4D720BC675B59049B0E188E82B9BD73ED5756A5DF7108B939AE5ACEEAFB45BFB7BB40D2412F32AB606E53E9EE2BAA39428A777EF743378BE64F9158F5352CC724F5A91139AA7657B05EDAACF04AAE87B83D3D8FA55C8E500E4579728B8BB332DCBD0D982C198E4019A82E9F7BEDCF02A37BC2A84B4840FAD6241AE5BDFDC4B15BBEE119DA5BD4FB5753929D3E5A51B25BB2767A9B29222F03903AFB9A579722A9AB8C75A7E7231DAB99DF61A2E25C3039CD5B8EE9A4C28E077358C1897001AD1806D5156B115292D18D4548B82D58E4EF5FCE8A140DBCB014524A9B57E4FF00C98D3E67CDD21967C5D4980246F957D40E3FA62ACA4E91792E96F199A360C59C655B1D015E847AE7AD32CFECB0C72BCDB9DB6958D00C7241F9B3EC71C77A4FB69866DD6A81408CC7970189C8393E9DEBEFAE9B3F4B8C1422A2D5EDF246E59D85ACB6C6F649A580CFB84690E0845180ECE491C7CDD067BF4A6ADADF8D3AF22B7449E0898F9CE9383B829FBCA99C9039F9B1D0D3B4FBE84F85E78AEECD6495378B799DCA8192BB8003AB720FA753D85589346B102D3CAD5214B7BB884A7CB52F240C46D224E9B577123AE71DA9F2ADD7F919AAB257E7EFA6975A6BD35DBBF5330AC725BADE4CAA9671B88840870C7219949E9919C8CF5EDE959BABC9752DADBC92DE99D66632326E24A30E06EF4240FC8559650AE934EDE6C6AC5154B7242FB03C0E7F9D43E204115B2DD5AF9715ADD1322DBA499D9B091F367EB9FC6A29C6F35DF61E31AA74DCDEDBFDDD3D43C3336916BAAC0FABC4EF6B9C3F967E65F461EB8F4ACEF186A4DACEA3348194C5192B09031F203C7BD32DAD9AE45BDAF31DFDC38285C8588AB2E4727EB9FF00F5D493E97047A05CDCC97D10D46D67F2DE1CE56653FC48C383DF8CF4FA57A70C3496A7C7E2737C3D57A45ED6FF00836398B2B0D4B52B9F234FB49EE1F38DB1216C7F85761A6784FF00B25A69FC49A8D9D8308CAA43E6079558F7C0E3F0CF7ACCB3F13788B4BD1A5B1D36F043641BCC755897764FAB119FD6B979A579A632CB2349239CB331C93572A739DD3D17E2790EB7237677FC8E8351B7D3ED9962D31DE4840C991883BCFAF1D3E9ED55811E57DD04D64472089B7A6476E4D6926AE56D8C3CAAE4B63683C918EBF4A1D3947CCF430D8CA6E169684C256B790791230E14938EE39FE75DF086D75731C6F2AD96A56EA0483195900FE2C77F7AF3286E04F728ACDE5439F9DCF240EF5D8E81AA69FA9DD6FB85823D83CB8C4DC845EC71DCE3BF5FE9856838AE66615EBC2A3B40EC34AD3D419EC752D8B6B78BB570FF002649F9947F77246476EA2B88F11785752F0CDE2032F9BA63C9B45C6DDDE5F3D180EE3F235D3EA56EB0E9C8FA8DEC9716B6E7744CB291B549E064724FD6AA699E36D3E3736775BE5B565F2D7CE5DCB827A11584272B392575FD6C45394E0EF06D1C55CC936A5A9182091E58C1114448C1703804FA0F6EC2BD4BC31A48D3F45BBB399617B478CFDA37A8218E3AE4F4C7A8ACAB2D1B46B7D71AE2C4C8AB202555F958B8E7F0ACCBCBE97C51E204D32CA7912C94384553B7CC214924FD48A6E5CD651D12355CD55593DB7669F887C1D3CBA779B68218E25F56E4803D7BFEB5E672C7F67764DC0B743839C57D0D6BF0FACBC4FAD5FC5777D324302468B0C4FD0EC1C907B67F9578B78B7C3A7C3DE27BBD2C48AE229368653904574E1A3354D4A4CCA34E32766EEF729E97A90B39406DAC01C818EB5D35978824439470C7B2E7F90AE43EC52CB612DCC50131412047901E41392063E8A4FE1515A06B890246CEED9E46EDA00F524F4AF42159C6279B5B09094BDD923BCBBD5ED816B8B850ECCA30A5C804E3B8079AC0F15F8A5F5666F98EF2BB0053F2A27A0FF0AAD75690C56F1C8B32CE02AB9504F193820FB822B06E54191D9576A96242E738F6A52AFCDA2358E5EE8AE693BF6218E3DE40032464D75B61AB6ADAB3A3DC3A48B6D6EE8B95553B4AEC278C1271EB93C7B562685AA5D68DA8ADE5AC6AD2A82177A0618231D0F1DEBA0D36DECE41219D66810826308439071C03D38CD72626A72C3467A793E1655ABDDC745A96043731D92315905B3B9DA7F84B639FC715AFA7C42F0CD2DF49F3C28AA15D0F2BCAE491FDDCA9FA0F6AC9B6B5966B7959668D5615F336BC8016C1C703B9F6A92F755BCD49E333BEED80ED0074CF24FE279FC6BCBEB73EE356B9569E7D8D2D34E951DEB4B3F9B2C50CA842301F346721BF119047D0D2477771A3CEEFA64B3C504B232162D9591410573EA4020FE5597E430B513EF8F697DA5377CC3BE71E9EF566EAD9E186D82F9C619137AF99D377F16DEC7B50A7CB6453A709CACDDEFD1F90A752F324BB92691A492542154AE77330DBCFD0723DC0A3C3DA4DDDF39B80A7ECB03063900EE61FC233F5A65E5ACB797CB259C60190A8511A9501B15E86B0DA691A2DC59C3CDC436A010ADC16C1E40EC4924E6B0AF8AE48A4B767859CD7950E5A54F494F4F43CE3508A35D62E9F5449212D23990200487EA3DB1922AAE93A43CAC2765259C6573FC2BEBF8D49221D675C8ACD62F2B7B02EAA49F940F99892739E3F5AEE20D21A1716FB30E3E6971DBD17F0FE75A57C47B385AFAB3CCCEF131835463D0C0874EC10A899C7DE6EC2B1DEF3ED5AB4B6F0462610AE15A304E4F7E4FBF1E9C57A1B4096D6AD23A8523EEAE40C9FC6B889079315CFD8017FDEEEBB9CF25C93F773C719F4AE7C3D5E7BDCF2F2BAD5A9E214E8C6F2E9D7732B51D456C6DDA2B73995B892407F415CA3C8CED963935DB8D3ED6411CB3C4934258B496E85919476F9B1D0FB66AA4BA45A2DB48228A3FDE3E5776E2F101EFC03F957A546B52A6ADD7B9EFD6CA71953DE517AEF7DDBF3FEADD8E43218F35D1786E147B9552324F423D6B3B52D2BEC771B6399665C02190103DC7201E2BAAF0869DB824A72197DB3DAB4C5D68AA0E499F3B8A84A926A6ACCEAB48B78ADF50F307CB26D098FA9C9FE4BF9D7756870005E0579AC7AB2C9E2578D48FF0047F91F1FDFEFFD07E15E81653028083C57C86654E5A39763D7CB29DB088E8207208CF4F6ABF1C9802B221901E9DEAFC2F903D7D0D7CFD489356069A367F0A79EBCD56471E952093B1AE47138E51D4933E949D6903AE3A8A5661818CD162443D39AF25F1722C5E2CB8C11F3AA310BD8E31CFE55EACF26D15E2FA9CF2EB3E28BC6B753233CA42E3D07CA0FE42BDAC960FDA4A5D1230C53B412F32CA28F90A8E319CF7CD6D69362D2DC28006E7FE227007D4F6A934DD0DA38D565532BF5DA3A0AE86D74F97700226007A0E95DD3C47BC9415CE350EE559ED19E09236538C1AE16F6C67334A9021C47D49E00AF5C5B05400F2DEB91D2B3757D2966B5922C6DF33A301DC74ADEAE22B42D2A90B7E24FB34FE1678A2CBAB58DD96D3DA58CF56656C06F6C7435D8F87AFBC43717024BBB8DD6FD046514313F50289AC05A5C25BC8006551BBDCD749A3C63831C79C773D05557C453A915CC97ADB5221CD17644F3DB5D4AAA4EF45C72339CD66C3A1CD67249736B6CF34CC0FC9BC0049EFC9AEA02CB712E49C763FF00D6AD38638D14A81C8E09C57350A4EBCDAA5A43CFA9BB938AD77395852F442AD716AF1363E65E0E3F2A9126C77AE9B08FEF595ABE9E3ECED35B281281D3B1FAD4E2300E09C93D051A9721B6DB23E6B4A31CE2B0F4696492D95E54D921E1947635BF1300A09AF1AAC6D3E56CEA83D0982020639A2A448F72E55B028AD561DB57E50E63E7BD661314CF70964F042008D1913F76C40E7FA73D78F7AAD6D2497975FE896E098A3FDDEE6FBB839C927A9EC01F503D2BD07C480EA9A64A5597CADC0C683EE8201E6BCDD52EF4B9167F2DA3F34131485719C1C123DEBEDE8D55513EE8FB3CBB30FACC75D1F4BB25B6F2CB9F3E42AABC91CE5B9E83DFEB562D669ED619EE61109423CA3E6A2BF5F407BF1D7B54B1CB6F7961059C16F1473FDE9256C003191D4F27391C0FC0558D574BB9B5B686C85C5AC8F1C854A2AED7C91BB258F518F7E3D29ECF7B1EDCB110B72CFAF4F2465C7B6C350B717F0F9913289366EFE1238E9F9D73BA887B8BCBA821CB22B168D9CEDCC7C8C7D4E456F5C492DA5D2477291DCC86D82C718E7CBDDC8071DC6738F7AE5AEA66FB4C8252A171B5323BF53F876FC6BBF0716A7AAE87CC710565530EBDE7BFCBA91CD2DD7D8963219F2C08603200038C1FF3D2B5ADEF231E1D481AC925BA965626E246CB1180001E9CD31B5EBB7F0D1D28DA47F6747DDF6848FE65C9E85AA2D5348D4749D2EC659E3912D2EB7496DBCA92D19230481C835EA2B743E2F52CDBBDEE9DA0DE4B2A23DAEA43CAC1DA36B23021971E98238E39AB76BE0DB6D4745B5B9877A4D20DCD96CE79C703B77A72E8D25E5D69DA73EA6CD68D6A6689320F96CC79519C0CE79AEDB46B09C68F0F911453AA8D891C4EACF85E395EC7BF5E735E6E3B10E168C1D9FF0099E86129295E535747017DE1E5D36568A4923655385C77E0567DEE9904D17991E15B182318E7FAD765AEA79F2A5D4568372B92DB0E411E8076C7A76C5644D756F6B2DCCF3C090864C470C8A4F2476FCF359D1AB3924FA9F4B4E950A985E6AA95BA9C2CB6F24526C61D7A1ABB6B685901C90BEC339C75ABD76D6EC88A41F308DE599828DBDB00F5357BC33A959D8EAE8D7A92B69D8DB32A7DE75FAD7A51E692D4F97ACE95293F64EE5F486E16D6DB48BAB886DAD2E2DFCE8E79D8AA91C9C671DC8C7D6B1AD3499750B88826C48F23716700FE03393572ED62D66F6F2C7475B9BC8C3E6D4B2333AC60E71804E3156F4F36966B6B05EC12DB5DC72FCD237464EE31D7D7F4A8943962F91589A75A517AEB7376786EC6857935946F24CC3CB2B1AFDC424EE38FF3D6B3BC09A36A1378AED66F2248E1B7937C8EEA40E33C7E3D2B26EBC5F335ECAF6F0471C65B8073C8ED9AB965E3ED4608C2154703BE4827FCFF005AE0F675545AB6E77D29B8C795753B6D4357F11C3E34D55F439194232BCC777EED54281F31E9F875AE77C55A65AEA4F3EA2B33B5EB02EE1398DB1F78F4E2AE1F19C1AD6993DBC91CB096556996DD172C00C673DFAE2B3E6F12E9A9622C6CED258C118469C023D0F23A7AE79E82AA9B9DD5D5AC4D5A92F852B3D8E22DAFEEEC5A6FB34A50CA8E8DD0E55861BAFA827F3ADBF0AEABA269DA66A6D7F60D737D24656063B4AAA9183D7A1E4107DA8D334EB7D7B5A82C1DD6DE09D0912328CAEDDDD4803B8E7F0AA3A35CC3A1EAD2BBC56F75E5168F63C7BD1BB679FCEBD28B76B9E5CA3AD8BDA4DA259E9373AB5C5AC73C1751C90C3F37FAB7C8E718CF4E4564EA5A7CD691DBBC8A15678FCC419CE4648FC3906AFC105C4FA5CF748592C8CF8030BB41DA718C9F6E703A735917D76F3BE1A42FB7E507D87A7B544AF7476E1A515092669E9B6A48DDE4B32A0CB95EC3DCF6AE9229E282F84D6501110C111CB87EDCE78E46735CCE9B70CA088D9C6E18600FDE1D79AE9B4FBB7B2B71756D7E239D24188973BBA1F9BA63DBF1AF27129DF53EDB297054B4376C631A87862FA17823090DC0B96959CAA42A46DC003D4F1803D3D053F4FD2CC5AAB5C69DE4DB40F0ED51773124165C12368E79EC477AC8D326D5E492E8E9D2C9B9A32F322B01E628393C1FBDEB8AEFF4BBE82FF48865B9820B7BB642EAB1153BD4704E074FA1AE2C5D59D2829451CD9BE22BE1549D18A69EFABD2EBB7CBFE01CCB7852F6DE336CF359DCC2E3E52AE4143EA0903DF8F7A59F50874D97EC374D09118C00E380CBD47E3D8D5AD5F518ED790CC25C7CAAA31CFB8AC4BD813567827BE86255718493701BB1FAFE7460F0B5F1CEF35EEF73E4B1F9C55C4C62E7A38F6D0ECF4CD4F46D574D90D9C11A4D6C859B68EB9E011F89AE4F4EBE6956569599EE217207D3DFF0A82EA2B39523B6D2AD5D6427EFDAC83247BE0E48CD578235D1AE01951943B1591F7E413ED5DB532394149C1F36C7995F1952BA52937CC8EABC2F6FA4C334DA9A20FB4A8CBEE19C1ED8F6FF000AA1A978AE1B4D4648D58E38C918E589E73E954FCB8EC44B2DB3E03211B01E09C7AFD6B89B28A699E49EE86D7624856EF9EF5C34F0AA5393AAF446D84857C7D5515AC9F53A6BDD76E35A9036F3144A7851D7EBC524315AE9D7513C7E55E4414332B02A33FDD39FE94C8E2592DA0586D36B46A43C8189DFE9EC3038ADAD320B9BFD3E4B30D6DB539513001B824FCADDBE99EF44DC611B2D1763F4CC0E02965F874BAFDAF9FDFF002D8ABA6ADEC5A8A98185989F20332EE5DA7B739C8AB963632E9F7D359DDCD6D0473A18DDE68C4880E323A74EDC8E94B6D6B2CF6B242D2C89E58CC600207B8E9D6B4ADF4D47B2D97B66E159F0B2B6413938E0E71C565CEDBD3F235AF5E2AE9F5D344AFE4F5DFF0013CE75BF3B6A5A3C81E2899BCB03A7279C1EB5B32EA09E1FF0BF9F0806EE4C22023201F53F41FCC54FAAE99A7C7124714F24B7A6E020007C9B3D7EB9C553D66C92F2210B3850AB842780B8F5FAD76270A9C9096D7D4F8DE279538D58A5F6B5EC72DE1BBF68F583E739266392C4F56F7AF62D1EED4AAA3373EF5E133C12D95D1520A488DF8835E87E1AD7E3BF8551C84B84C6E507AFB8F6A336C2FB58FB4899E53898A5ECA4FD0F56B697B13D3B1AD48655CF5AE56CAF3746A4F39EF8AD38EEB1C1AF8CAD41DCF4AAD253D8E8167000C9FD6A417031582F7AC17E4F98D451EA8CCEE8A577270CBBB24573FD59BD4E7FAAB6745E7FD3F3A996E06DE4D60ADCBB0E481F8D55D5F5FD3F42D3DAEEFEE046A061475673E807734A38594E4A31576CC6741455E459F136B4D6564B6F6BF35F5E37916CA0F258F56FA28E49A5F0D7866CF4CB0318025B86E659DBF88FA0F6AE6FC19AB4BE28BD9B5AB9B458D62768AD15864AA606493EA4FF002AECE19642F9E809CF02BD17FEC6BD8496BF6BD7FE07E77F23CBAAD4E575B1A5E5476FB55005CF52054ECC005DA796E82B2E7608DB8BEE63CD69D91FB4C6AC158638C91C1AEFC1D6752A4A9455BB1CD3565726C9500050413CD55BA4322B927E5CF0BFD6AFBA14C023154EE4B295D83AF15EA62A92745A91827A9E7FE2BB697FB4B4F6853FE3E24F24B0ECDD467F0CFE55D05B4696914714638518CFA9ABBA959A4D0432BA60C320914FBE08FE4C6A255CE0F19AF97C5A74E30A6FA23582576D0F12303B811C9E9566195DDC2B3939EC4D548E23BB713F41EF5ABA6B428F99882739C1EC6B4C0C672A8A3CD64CA958945B3850E5702A19C85460C06D1D8D6B4D791B210B820FA573F7F26F7C0FC40AF7F1F2A787A4DC5DCC146F232D36C77722AE304EEAD189F207358F2B6CBB46CF04106B4217C106BE42AC6FA9D7091A4ACC063345224A857907345254D5BE32EFE47CD969E37BAB24481E1516E3829C9CFE75A9A978920D620B688184088EE42170076C62B91BE80CB23131E1F3CFB7B0ACE3011220DDB727191DABF49584A327CD1D19DD4E8D6C3DA525AA3B3B7D6AE34C864B68007494E6449406538E982391F9FA550D43547174656F29863211436D527EBCE6B2FCA9A1B686525B6499DBBBBE2ABA457B7F3082085E49082C15472C3D877AD3D85BE27A1DF3C7D4E4BF72EC93EC8F7C73E55802D83D0D51B8919CA194107194E3B1F5FCAB4ED7C23AC4B3DB096CE48A398FDE71C28EBC81C8E3DBBD6AEA5E0FBC16D7B7D3C91C2B6C8195793BD781C607F3AB84E119A499C15F10ABAF673645E0CB8966BBBDF376B451DAE7665429390064753DFA7AFBD6BF8874717D0C32DAC6164452EBFDD6E7A6DEC71CE6B1BC1FF67DD7408613F9780C1BD4E3A77E76FEB5D944DB2CE16E5485E8DD739C7F2AE5AF55C2BB923C3C42F6552C8C2B7845C58FF684A661756E14471C0BB42AF03181D739E7D739AA93E8CF617F1CF14F1A4A4F9A58E09073CE41FF003CD6918D9754476B88E0B28D4B4AA480CCDFE15993EB0B0DCCEBA701772CA854B3C61B03B903B703F01F9D6919CE6DF9FF00563D0A70E7B28972596465F304AAB2CEDB4465B6A9DC71D0F4C7AD63EA3A44F7D75E48F9648F3B8139C00324FE4334969A56A5A9426E2389982F25DCED07E99EBF852C96B796CACD231563C11C938A98354E5A3D4F763570AA8CB0F5A695FCF534F5BD16DCE8FA6D943A8D8EA26105D6558D90C499C9466E0907A81DB9F5AE534AD1DF52D6A0D2CDC2406490AB4ACF8451EA6BA7D1AEA21E5DA5D4D00818B31DB12339E3279383DBA1E955BC39E6E95ADDC4A74C5BC8A1DDB19E37253824300A476E6BB68D59549B4CF9DC453A705EE3BF989E1DB75F0EF8B2E5535B36B35A16304F1DABCA27C7180A3A67DEB4ED3C4925EEA1AA6A1AC5A4B7CFE488D1E54F916463C6476E0363E9599E18FB7FF695C6AF16A161692C7D7ED1301B81E70ABC93D3B0EF50EA776B7D7ED718FDE301BDBFBCDDCD6F3A9182B9584C154C454E5D97739FBC8E49AE65944780CC4E00C0ABB7115AD8E95179722CD712F2FB7A27D6ADAC608E4546D10738181EC6B89D4E669B3DFAB932E556914F4C9F4E8D5FED89333E30BB48C7E34926A2E4342B21781BA2B76E73C7A734B716A980760C8F4EF58D2ACB1B956278ADE0A33D4F2F154A7877EF2F99A56F3CC4F951348645DDB40391CFA0AD8D33C410C1A0EA5A7DCC0924D38468EE09C3C6C9D39C127D315CAA3107A90DD8D5880497370B05B44F34D2B008154B313E807AD6DB1E7BB37A8F777443189FA0CF7E6AA331EE2ADC912C5B4333897244AAE3A1CF6EE7F4AD2BDB0D2FFB36D7EC9752CBA839227B730E047E986CF3F951D4B8DB9372B6991DD347E744B22A2E4171C01EBCD74BA75989D32EB30048F986071F8D6B7877C3CB79670407E60015788F7240C138ED5BD1DA693A3944BA6F3A66FBA236DC802FAF7F5ADD6169BD668CA39BE2697BB465631A6D29A38E38AD898E553BC395C13D3A9CF6FA543ABEABAE69F6BB24D53667A843F39C7AB0193F89AEE6D75EF0C6B16A09BA8AD245F97CBB93B594F4E7B73F5AE3BC7BE1F96281EE08C18F2CA17B8EA7F4E6B1A981A72D693B79773A239F62D47D9D6B4BCDA32746D49EEAF4DFEAB3131AE173DD8F615E816DE1ED2E2D2E4D4EE515E2556924623776F98FFF005ABCC74A974D8E05FB69F306776CC641C57A269F31D4F4D8C68DA835B5A20226B50BB8AE724E198F7F7E2BAE9538C2118C765D0F22B49CA4E4FA989A51B4D1FC5FBAC8C82D2E6D5DCA11B761EA0E0F4CE31F8D7547C1B6BAFE9D25ECD332487FD58EC0FD33FCAAAACBA1D94E62FF004749253B16774DEC40F527A7E1C735D65CEADA6DAF87A1834F977C8549C8F4031CFB9354DF2BB77212BAE6EC796788F479742B5256E5E45E9202D9F4C63F3FD2B1ECD25478649EDD552743B1A5CED20E46ECFB1FE55B3AEDF99B48BC4BAC79AF22AC64673C724723B7F9ED5816F1B0B785FCD0CA723683CAFE1DBAD78B98C62A578F53EE38629E9CDD5B35ED9A6595A059CC01B2AC492011F876AE87C3594B99E3591D9D10E0C6C071DC8CFB67F3AC331DA43E4300D2ABC58652DC86F5E2B5F485B07D6FCB8DE58239A3288C5B3B188EE47519E3F1AF124AEECBA9F638A7CD45E8F6EDDBF13B3B6496F226FB1491DA344155CC72794645E70C79C74FD726A1BB489E159AE6F629776E47124DB88E72B93EFEDFAD64437D656A64456CDBDC423CC8A12588DAD9E41EFC67E84F23AD4DFDA36B70EB126E0C66F38B88942850B8C8527AF5CE0F614936E293EDDFAFC8F01E1E6A5749DBD3F5285C2E9B1CF7571E40662D9B73BB0BF771903EA33F90358D7FA74B77A6C73BDDDAC10CC48383F30FA8EDCE3F3AE935CD42DDAE609C5A99618F767CF8CA16DDD33FD39AA3A769B17883557B830F95650040F18E8EC00C81FCCD454A8A937524F45AFF00C37CCDE7468CE92AF8887C2B77ADBA595FABDCE72D7C2773E2D82DAEEF49B7F2C94966DBF34EA31B5BEBD413EC3AF35DD68BE11D1B4600DB5946651FF2D9C6E7FCCF4FC2B616355C22280A38007402A789074CE335E3E2B32AD5972DED1EC7C44F95D4728AB5D8F5855B8A57B55650181E3A1A9923C11E95306628148E3D6BCBBCB73485471774CE73549A3D2616BA9DB6C0A3E673D17EB580DE35D212DE7B9B78A7BB48866492288951F5278AEF27B78A5578A440E8C36B2B0C820F515E19E32D22F7C39ABCDA75A48CBA6EA3978D3002F5FBBED8FE4457B993D1C3E2E6E956BA97E674D4CCAB46292B1B337C4BBFBD825FEC8D2762A8CB4D29DDB47AE07F8D719E237BDBE4B7BCBCD492F26962F330AD9F27E6236118E0F19C0F515A5FF138F0759CD6DB2368B51B7C647CC1A36E3208E0F4AC83A4DDC97570936219A046778A43B701472067A9EBC7B57D6D0C0D0C36B4A367F8FDE79D5B1356B7C4F43DB7E1EC6C9E0EB072725A2CE4FB935D52B6DCFA62B92F87778975E0DB34561BE0DD0B0F4C138FD08AEAE243249B4715F9F63549E2EA27BDDFE634F41A4924E4020F4F6ADED22694599493EE86F93D8564A4081C172703F5AD38A43C2A038F6AEECAA2E9D5E77E9632A8F42F4B2EEC679C553B8942A13920FAD3DE65DDB7193D2A9CE85D24407EF74AF67155ED07CBB9825AEA64EBBAFC761A424D3B05592EE3873DB934F8E4F70722BCFF00E2B3BC96165A55B49BA647371328E9D30BF8F5AD2F026A9A86A3A4247796772B3C002348D136D907620E319F5AF1F1B859CF0B0AF27792D1FE86B07ABB1D9076078620D2EF60DB8F2694C52A8CBC4EA3D48A6E471EF5E2BE68E8CD0D13294B62E87E66EDE950450BB3166EFEB51C522A8DA4E451717F0DB432492B8586352C58F6AF45D68D6E56FEEF326D63CEFE206A53DA6A7636B6D23A30CCCE51B1839C2FF5AD2F0B78A26D4D16DEEED5D6E00FF589F7587A91DAB9E10C9E2AD5EEF538DB726EDAA0F1B00E839EF5D7E83A72D9DA6D584C2C4E5B7104B1F52457462551A78654A4BDE5F83261CFCCDF437966E3EF514D09818A2BC4D0DEE7CFAF23C064000DCC41248C9045518F49BCB8BF5448595BCC0BB9D480A491D78F715BB1681A9DCCCBF6A845A26416329C3019EA17AD753A7587D8DAE62B2BAB891E421F748DF290075C63BFF415F7EF12A96DAB3E9337CCF0D14D41DDF621D1BC362E6D21B7D62D1564864C40C0E41C7273CE0E49EF5B777656F6ABBE5B3898C2B88A5503E45C00547A7E1EF52B059AD15D4059810739FBAC2A286FD9A19A3B84CFF0B67B7BD632AB2AB2BC9EE7C6D5C4D49BD596CC76D71179B6F2004A9DA1B9EA3A7D6A9BCB0DED9AC9E52995018A453C73D391E9DEAB595C9B0BD5B67040FBC85876FA549A80167AB7DA23DA20BAE1957A2B7AF1FE79AA5B5FEF39EE60DAF86ED6C7529A484B23CD012A3F8772B06FC3214D589A7496DC100295621B1FC478E7DAB4A7245D2BE42B29C1CF1B860F1F9715CD5C4CEB1CF0ECC49E62FCD9CF5E3FC2893737B97394A7AB32F5F0D22C8106182007E83AD6CF857C0F17950EA5A93480B2878EDF000653EA739E4638FCEAC68FA14AFAA477978A56189F3B08CE4F6CFB6715D69F3249B285D5BB15C6D3E991D2A7118B7087B3A6FE6772C64A9D154E3BF564A44411634488AC7F22C78C00A3B0AC2D6AC229ED8B342629339C8E86B7193734664911431FE01923F1FD29D70D17925D4852C09DEDD40E3F23D6BCF84A515CC8E17ABBB3C89F47923BE180DCB600A65C6BB6B1599B1067B8F98131190AC618719E3AD757E30BC8F46D324918A8B993715C750CDFE02BCAED3F7B2163D4D7D0E154AAC39E477E0DB949266BFDA1663F2C2910EBB509C7EA4D48A4AB641E6A9C5C0CD5D88648AB92D4FB2C32F76C6E786B496D6F5486C81C348715DFF883E0DDCD8693F6BD3EE7ED32C6BBA5888C13FEEFAD79A69B7573A7DE2DD405C796412CBDABD82CFE31C336962D64B47175B36F99FC3D2B5A4A1B489C6CB17194654355D51E253C2C85908E958DA8DB65378232BD7E95D3EA92ACBAACEE380EC58E7DEB1EE13CC07E5F97EED28BE496818DA2AB536BB98D69007B94F343797B86F239E3BD6E5F9B387C4935DE84D7169663983E6C48876E3AE78C9F7EF55D230A318A7F96DE956EB3BE87950CAE1CBEF5D956C5E2B7BF6BAD46D5AF102B131990AEE6238248E700E0D3B43533EA036B6D7620024F4CD4B22AED21971E98A8F4DDB06A0848EF918F5ADE954BBD4E0C6E0BD945B8B3D5A586D20D09AC127F2EE67236246727E5393BBDB1DBDFBD6CFF006147E5090479C2E3763193EF5CDB5F59C9A2C574620D71E4B7960A8E1C71C73F4E2BA2D33C4E8FA64D35CC1315897F7B2794C54F1D7EBCD77B6934CF9FB36AC707E23D1A3B2BD8EF606D8A5C02179EA4718FC6BD1BC6090DEF86ADAF2D73221401547391D36E3D7B562CBA2CBE28B9DF2335AD926D72F805B18CA9DBE9FE3ED53EA8F6565A6A58D9CAC61858900BF39CF24D10F8B996C151DA0A2F73C512530CB242C394623E95B7A6EB1259E16395E28DB862BD6B02E8B3DFCF708080D2330E3B66A582F155C6F407D476AE672717A1D7CA9C753A69A5B7BABA5921B862ABC0C0F7FAD76DA75F59476AACE761403A1EA6BCB622C8EAFF007633CE0B71566F35895205820917327F717B7D692C4A6F623D936D453347C4BAA8D475C3E5B96453927DFF00FD552DB2AEC0581071F2E07539EFF866B9CB404B82C493EF5D35A457134436ABB2282C40E401C64E3F2AF2F1927395D9FA0E414FD9D3B234DE6B792188476C639D4F2EAE70C303B1E87393D7BF4AD237B66C8D25B40913249B911B2CE41072B91C103F3ACB11C296C937DA11E4DC3F7414E70739E7D463F51528BB57B9595A08D47198E3C80D818FC33D7F1AF2A48FA894149689E97EAFF537E5D62D4491BD9C5E448BB98C4D1E705860AEEC82475EDC71D6A4D52EA18349B38B7CDF698F398A4802E01F46CF20D64BC971757525DB46A4C6996595D72CA38F6C9E9D39A82E2E1AFBCC7668A15439099238CF419249C7B9A8714F5691C51C3454A2FA2DF5BFCBF1FF00821A8DFDD4C62B47474901C2ABFBF40335E97A7D98B0D2E1B6C86755CC8DFDE63D4D798F8751F52F1659991B78472EC09E9B4647E19C57AAB027273C57939AB50E4A4BD4F9CE20C4FC3423B2DFD46A0E09239A9A2519148074FA66AD5BC61B68EF5E3EB27647CB1343192003D2A5F25B9E3B55BB6B52F8DA06455AB9B73128E393DEBD9C3E05BA7CCFA19CA7A98D22A900E45723E3BF0EC9AEE81E5C08CD750C8248428E49E840FA83F9815DA34623247539AA37CACD69304255B61DA41E41EC6B9A32787AD1AAB469FF00C3837747CE174BAC6A93C5644CD3C96919014824AC499278ED8E722A5BF8F57D4A27D5A7433202892CF9071C6154E3A1C0FD29B241ADE8DA83196296DA728C19492A59181C9E7A86191EF549B509E2B09622D288DD958A1CE09E707D33C9AFD0E4EEB4FEBB18A4751F0D7C569A56B074EB9655B5BB61F3B1C08DFA0FC0F4FCABDDE118E8327B57C8ADFEB3726003DABDB7C1FE37FB0E896306AB3BB36C1897962AB938DDEA38EB5F2D9EE58E52588A3BBDD7EA6F07A6A7AE25A1700FA8E86970228BCB2DF3E2B1ECFC436F771836F750CCB8E4A38352C9A922A9772AA07762315E5C3134A9AB24D488945B2E4576AA19A53927B1A65CDDABB010F5C77E82B9E6F1058CF78205B942EC70080587D063AD6B5BC65506E3C8E49F5AE5AD89AD0A7CAF44FEF1C629B12D744B4FB5C976D12BDC3B65A57E58FE27A0EDC56B2DAEC04AE3776CD450290A5B38CF4AB96D13799B99F771D2961E2EADB9936DF5BEC5B56D888BBAAED3927B81D2A9DCDA93931900FE86BA092CB747BC704D5492DF6607F935D58ACBAB25797C8852471975AB45048D0B67CC53865C1EBF8D665FDE1BEB70AE405073B3D7DCD6CF8B74769624BDB55FDEA6049DB72F6FCAB97B7D3EEE6940919513B927358D3A5082E6BD999C9CAF6B1BFE1BD191749BBBD188D448AA8A070C7BFF00315AF1205000157E6FB2C7A2D85A5A6360F9980F5EE4FE66AB0042F159669C91AAA30D74577DDBD7F27636A6B402983C8A2A41920515E55CD2C7955DA31923B849D6E2DE6F9A3954E41F5CFA11DC54FA7111C0656C867E0638E3355AD744BBD174A93CC9A196CEE53CD1226E0E99FBA0A9F51CF6C54BA7C50B411C8D2B4C42E155B80A7935F6D284549A47163F0F0C3D79429CAE8BD14859A4F9B03EF12738A6AE7ED46491414CE58060338ED9FD2A495365BE4608C9047AF155C4724A5F700236604A91DB39A6A2FA1C77B3D47EA405F3C691C2B1C8A01425083918FE7C9FF22ABDF46B1AAA4D148AA70C5581C03FE4D3E692569DC87755620FCA70580A7C725DDDFEF66B895367010938C67A9F6A7CCD688B6D4DDCAB3DC0795652703606200CF6C7F3A669F3689016BBBBBB896E18632559B67A6001EBCE6A3D5DA6F25DD2F6E09CED215B807AE303815C95CCB342BB9499E62095F33E6191C8E2B785173D1B35A7CBB33BA5F13787D1D83EA60B7032D1498C0FF80D5DB6D7347BA63B358B3653B63552FB0E7AE70D8FCFDABCA1A793508A36B9884777E615621366E1DB8AA16167746EC49E482236C80EB907F0F4ADD6028F2BE6D1A3A961E935AB67BAFF00A398E20B7309122FEEF328E47B1CF3546EB54D2ED448F3DEC5FB9387556DDC8CE071D7FF00D55E4D7571169685A46CDC38CAA0F4F7F4AE7EE353BB9DCB799B47655E00A29E57193BDF427D844D8F145FCFADDFF9AECC5159BCB18E8A71FAF159106C8DD6307EA6A0FB65CC83619588F7A97E768C3919F7C57AD18724543A1B5392A7252347634526C383E84771EB56636C2D518A62CAA71B82F6F4AD5D2F4BB8D561BB92D94116D0B4F267B2A8C9AC5C753E9B0F888A574C679800EB4F889DA6512A0D9FC24E09FA567799EA6A440643B57927A01DEA75B9D5F59B979E68E67F3091F281F29FE2AAED333C5E4800217DE4FA9C63FC7F3AAAE244665652AC3A83C115244DC72293BEE446A73BB1308BF77BCF1CE315B5E18D126F106BD6FA6C2D1AB4A7EF4870062B291770EB56AC2F6E74CBE86FACE5686E2060F1BAF622A14B53ADD29723E4DEDA1EB7E29F857A1E97E0A975185D92FA141233337CB274F9715E1F7B88CB7928630DDB39E3838FCC5761AEF8E759F10295BD9C2C446043164267D7049AE52E0AC8980B8DA2BA25515D729E5470D38D271AEEED8ED2F5678E4419198D81C1F6AF4DD1FC510DEA34770DE54520C119EA7DFDABC52770975904AE39E2A68B58BD0446B2800FFB2335D90AB38AD0F96AF86A729B57B1EBB77AC699A487B5B66DD11219A38B80C7EA3AF6AC68A75D97779788C4F964C56EA797278C1F4ACEF06DB47777C64BE7013639DCC7A1009CD747E14B0B7BBD3FCE4915D9810A76E00EDD3FCFE95D1CD2766CE095350BAEC724FA8E9C6D255D42C596E7385F2D420618E0E33C5417DE1BC5AC17304529496359471F74119C1F7AE9FC5BA5595ADADBA5C49BE4925553301C2293C9AE9EFD56C7C22B2F9A3C85B702339C9650300E7E94D46EED20954B2BC7B9E4D1DA996D563C72A718ACB95B66A598CE3CAC2A11EDC66B47C3B791BDDDD9B92172A65466380319E067EBFA556BEB7305D6F038CE47B8AF217BB52506775392535724B7668CAB2AE421FBDB7A7D6B7ACCF9B1B3938EE70B59368F07D9A7F34C81A55FDDF9646339E8C2AE5B5E4B1A0810B2C671BD7270C46707F5AE7AD791F6F96E21536BB336560D8913BC8A23909190412B8F500E6AD43751DADF09AD7CC08ABB72C413C8C1ED8C727B566075460472472541CFF8D5ED22549AE7ECF2B2C62652A1CC5BF07AF18E47E15C2E2CFA4FACC250F7B5562FDCCAA96E9347326D62404DDC8C7A8EB593A8C9026C6819F941E6027F8BBF61C524D34518656C311F74FA8FC2AA4F2C82058661B549DEB9C8E0FA76ED4E9C3532AF55538FBACE87E1EE1BC453B29240B63D7D4B2D7A8A0DC98AF30F0194835FB8830CACD6F95DCB8246E15EA3176AF9DCE3FDE2FE48F84CD66E75EFE43F674C8E31572D005915719AAC721973C8C559B67C4BC8E057994A494D3679A74BA62A152C39E71562FD93ECE49ED9AC8D2E53148CDBB0AC79E3AD49A9DD6E8368E01AFAFC363E1F516ED67A98CA3AD8C4F34BDD0233C934978C05B3A91CED24D2C2BBA4057A81599E25BCFECFD0351BA39FDD42FB40EA4E303F535F29173A8D456F2668F43C0EE357BD9EFA2B9BA76BA166E1628E66F310461B207FBBDBF1A4BBB2B8D46DA6BC6882C4F313945F9431E76FB75E950DDAC715CADE5ADB4D6D0CAC5A14932EBB3764024FDEE9E9CE2BA5D12F756BAD3AF74AB3B712ADFCA924C58602B0CE0E7A2F53F957E8D5EA2846F736CBE939D4BB5A25AF91C14362EF74B0A0CBB3050BDC926B675991EC75E9ADD4EE1144B03007B8519FD79AF4ED03C1B7167BFED17502BC8C1898E15DCBEC1C8247E18ADE5F87BA0BBBCB2E9D1BCB2313B8B1F989E49EB5E44F37A4EA6CE492E9FD22E7528C6565AA3C2F4DB0BABD940B713BDC1CED1164B1FA639ADAD36EE78A75B79D9E443C29639C1F4AF5297E1EE9B6AE24B3F3ED25008592290FCB9F4CD719AAF82B52D26E56E223F6AB256DCCE830C9FEF2FA7B8A3FB468621B83D1F666952A61EA52696E6B7852DFED1AF44C464460B9FE5FD6BD5208CF7C015E71E002B26AD719EA20C8FF00BE857A3AB60015F299ACBF7F67D11C347E12D246CC4E38039FAD5B86201C3F3BBDEA9DB332B1F4AB492E240083CF35BE0654ECA4C257351A6DF06DC738AA9302E39EA29EA4B0CD31891C135EF622AFB48FBDD8C914A68566B678DCF0C083F8D716D135BC9B1C0CE7A8E86BB99C702B95BDB7926BA6589495563CF615F3B5A4A12E46696EA3F4F73C8272074AD40011F4AA767A7C90924B8391E9C568AC076E4B2E3DCD79B51734BDD345A2D4140DBD28A9518AAE0267DE8A954BCCABA3E7CD07C4BAC49AC9935276D424B98CC22DCCA2155DDE981B73F515DA496F0DAC4B6E4B06573BC9C7A723F4C7D2BCABC972DB9B249E735DB68DE317BA96C74CB9817CC5C466EDE655C01D09C8EC3DF9AFD06BD252F7A0B63D5CDB297ECE33A4B55B9BD08FB4CFB5393C1C039E0F7A9832428AA30CFC71D40EC7EB5AA92AA21DFB24DD165670BD8E4F017AF5EBFE4624D2C1BBCBDDE4E410198FCC73C7007D3AD713E693B44F93942CC0C684B4938666C74FCFAFA5412DF18862DE3E403BA43C83FCFF00C9A8EE1E3898A8964F914860AD81C7AE3FC6AA4C5A5B7691C911053D474FF3835BC21CB6EE24FA44AB3CDE6C7349D589EA47E26B8DD76F66B2F2923252639C638239F6AE8E6BB4B0B491AED305DB1E567EF93D07F2E3FC8CA6D1BFB52FD2FA49A22CEA5846B901718E2BB2938C1F34F63BA961DF2B6FE25D0A1A745777880DC48CEF9DC188E83B56B3DF5969124504B2299D482CAC38033CE7DE99AADDC5A5402180FF00A5920F4E9F5FE95CA6AB7379AA5F3DEDDB09A660371C6338181D2BA21055B5968BA1D4A954494946E1A8D9B9BD9D85D2CEC2460493CF06A81B7756C3607E3512E4739ABB1A178D37E72DCE7BE2BB358ADCC5293692EA2456E76B32A16551963E95D85B68493E99636C9CBCF9766F603271EBDAB01E3428E40D8368D8839CFF009E6BBEF09CC8FA55BCB222B7950BA13B7383BB8CFF00F5EB8EBD4959346D8FA2E8D38DBB9C54DE1F9F7CD2D9365237D98618248EBFAD504BFBDB17744F32077531B6C62BB81E0835DFE933DB59583DE4A8E583BC8186303D060D723AE5CC172F6FE501BF60690803EF1A74EA4A4ED2467839D472E58B3322466393576D99A194BA48C857EEBA120FE755C10BC0FC6A58FE60463354F567D3D18A5A12B40B2364CB96232724F5A60040DB9C8AE822F06EB573A69D462B376B55032E2B14DB3090C4DF2B838C1F5A24ACAE6F08A937CA5EB5B48A4B092E3EDB0ABA70D0B921FA7047AF3C71D2A06906D24F4155678FCB8F9CEE1FA548CBBA05C3677007FC7F5CD45A3B9BC6BCA9DE0CEBFC2FE079F5FB2B9BA3E5B48AA7CA85DCAE78CE723AF5181FE35C6DF5BBDADDC96C5591D5B6943C907BD69687E22D43C3B7B0DD5ADC3155C6E85BA30CF7FF001AF41D7B47B1F11585BF8B34D8BE7453F68840E47B91EA3F515C72AB3A352F5354F6FF0023CC8D49CF10A9CF45276BF63CDE3F0C43731062CE6E1D801185EA31EBEB9ED506ADE109B4A7546DC97039789979518C8E7E86BBC9A04BBB13A9C53451491948D628860E47F1124F078ED9FC296EEDE1F2A0D42F2EC5D5D492857899F71C0E0873D7D30466A238DA9196FF00D763DFA99560AA2B7259EDE77FCAC701637A6DC793283B082ACB9C707AD759E1BBF8EDAFCD9E95083686252CF752700F24E7D3AF18FD734CD53468B559EEAFE34B7B2809CAAE70A4F0309C726A9F863C353EA1A96F67716719F9C838DC7B2E6BD08E630853E79ECBFAB1F279A6492A29D48BD3A9D4DAC975E206DDF6411DA0F91C32E01F5C12496FD07AE7A56D5EE889AC4221BD2ED0850A228CEC5551D862B5ADAD022AA801540C00074ABF0C63206326BE63179FE2AAC9AA72E55E5FE67871A10EA8E28FC36D09931F64603B912367F9D4171F0DAC1FCB861BEB9F240384902B3838E006E0633ED9AF474D880F1F5A89911CF080035C51CDB1505773BFAEA68A0AE7CF5ACE8EFE1AD5CDADCFCC08F9549DBB81E87DAB3DF557448C4E1DE35E80376F6AF75F167852CBC4760209D364F182619C0E57DBDC7B578A8F0B5E45A84BA75E2347E549D339047A83E86BE97039851C4D3BCDFBCB7FF8068B115696917A096FA941212B0AE72D9049F982FA7F2AD68EE37172C646654C44554007EBDFA55D4D023B4409146047D3763AD4A6C523C64714A75E9B7EE9D94F37AD056B18D25D6D84A48BCE72AC13249F73558CE925BCC863F9D4E449C9FF0080F0715BD3D8E7AA601E9C5616A5A2390D240C6393BED380DF5AD28D4A72767A14F38AD2F8B6357C357074DF10E9D712CC8558056DB8E037183EE3FA57B5C4430E2BE624D46EAD8BC4F9DDD186706BDD3C0BE278BC41A2A3330FB540024E99E73D9BE87FC6BC9CFB0535155D6A968FF431C4578566A51DCED000C8A40E475AB5047F366AB5B9562307AF515B56569E6A9E30077AF9AA146A56AAA30460F4572A8959485EC29974E6451E9D0015A17360123C8238F53D6AA26D85F71C703827B5764A8D7A57A75744C9BA7A95066018FE2FEB5E55F16F5EC476DA1C0E0973E75C60F61F741FE7F80AEDFC63E255D034892F1622F2B1F2A21FC2188CF3FCEBC6F44165ADF89A297C437AF1C13C99B89B193FFD6F4F6AF4726C0B7556225F0C76F37FF03F33B70B8455D394DD92322D45EEA6F15AC4FBA5E142B7F08F6F415EC5E16D0A1D2ED23518763CBB1FE235C8F8474FB49353D42F61C98A3611445BAED39EBF8015E976CAAA8BB47381C62B5CEB19272F64B65B98D66E0DD18BF751AB1DBAA32A2C639E49EB57E38D620598723A127A0A821384F308EA39AB71E2438C64115184A507EF2DFA1C526F610C7C124673CF3D2A85D5A0752C8CAAC3B76AE81A145B72EEC028E3A66B1F50B571B590FCA4641F5AEBC761D2A4DDAE445BB9CAE9DA55BE9DE216BA8405F390C6CA0E003C1C81F8574C3E6AC3BADDE67983870735A76F379D0AC8BD7B8AF94C4B94DA93F43A60EDA1AB14672AC0E702A4DF89324F238A86D26232B8CE6A4642CE58E7F0ADA125ECD386E37BEA58B790BCE33C0C74AB5B467AE7E954A3754209381EF56037520F079CD7A986AC946D2D5912891DE60608F4E6B2D532D9C55DBC72EBB57AE09FC2AB4432C338C0E4D7918E97B4AF75B32E3A22C45013CB0E3EB52B5BB632304FA62A788AC83E5C62AC2A71C0AF670F975174ECB5F3327377286645E081F95156DD8AB60018F714553A2A2EDCCC2E7CC363A45ADE6A96D6F2EAAB0D9CC7FD718D99D063FB83A9EDC559D63C1A61D5208F499E7BEB293686B9684C7824F3853CE064735D3C1E1DD2F4C31F970BB4C0FEEE49BE60AD9CAB0EDED91E953197CD8A1B954C360F9883A13C8CFD2BDE9E2925EE23D0C467B36D726BEA6469BA3DC69B293FDA9752A6764908246401951EBEBD0FE55A52B028CB2B39F3587CE598703BE0FF009E2A59228655478936EC3876C707DF9ED4E8E1F32011EE2C06769F4EFF00E02B95D572DF73C2AD5AA557CD3772A7D863309549D589E4E78382C78F4CFF008D636BBAC5968E4C372B2484B13B11720B63A6ECE075CF7C56C1023C8906F19C302463FF00AF54752D2EC752B792CEF6003A98E655CC919E48E7B8C9E45694A5072F7F6229CA3CCB9B4389B2B8BDD6F584BA9113CB8C8312850C13B6D00F06BAC91468BA0CFA85C05249014375673EB57F4AD06DB49B58A393EE2EDC488A5B2490327D324FE15C9EB5A8CB7DE23D474779D8C0ECF6F1C2FF007524527611F5200CFBD6CEA2C455B457BB1FC4F6292BEEEE6380F7F7AF2CA7E676C935BDE21D17485BBD36CBC3D752DECF342BE7175C0594F61E8077FE75CADA5D14C6E3861D7DEAD5BEA97505D79F6992EB91BB070320F07EA335DDCB34DA47BEEB61950E6BD9993716132EB0D6257126FDA40AD8B330C53CC4DBACEAB98903671C0EBC73D6AAC935CB6A5F6B989599C64150540073C8EF8EB5348B3DA4AB6C24455650F1B160C42B8C8CE3BF3CD6D384A48F02855846BF3CB62EDD24C76BACA64290AA9655202718DBF874CD69787B5078125B77255634620838E3FF00D7FCEB3E29A5B79A5D3269E3DBBF12185C957C720FD39A6CA16DEE2536E4940C42B32E091EE2B92716BDC91EED6C2D3C6E1AF4DFFC3926A37C534E4811B809B481FAD62B64B963DB033F4157AE105C420E4870791C74F51EB555D9B69B738210923073D719FE55B4124B43C7C1D1951A928CD598C4CB1ABD6A44722391900D538BA55B46DA38A67D0505D4FA474AF1AF8761F05449BA257583635B6392718AF9F7529FCFD4A79471972463EB50437AF1BFCC588C63156618320CB28E5CF427802955A8B952656170F0C3CA524F72130BDC8CA81927A5452C260B6383CABE3DF047FF005BF5AB8C3CB21E3CA81E9C826931E6DB4F191F36F53CB01C0073C77EA2B9B9ADE86D36AA5451445A669925ECC08DAA01EAC40EC4FF00435E81E0BD6FFB2B50FB3CD117B69D824C7938CF038E9FD6B8E82210C48EB2A96C8F9573915D4F866EB4E8F515FB5EF898C522ADC1C909230C2B1039E327F4AE4ADFBD7CAF63D6960E9FD4E709479AEBA6F75FD74377C47E167B0BB64D3ECE692C241E77EE2267551DBE62703A1ACBD4A07BABFB45834E768A2855DB10189A41C6473C13D81039F7AECADB579354F0A5D5A4772BBED240FF00E892E37C4A7A0270477C7D05639B0BB92CEDB52D4F51114B2CD224705E921447C61C608DBCE3A7B56505CCB4BDD6EB4FCFF23CFC1E32AA8DABBF7A2DC7ADDBB6FF0071C2EB9AA3DC4D2C51868AD436E587014038E0ED1C027BE2BBFD06C574ED1ACADF6E1D937BE7FBC793FCF1F8579CF8A6DAF74DD6EE6D6FE749E6254B4A1B78604020827D8D7ABAFF00AC475E000315C19B2708461DDBFC3FE1CE2CFB117A508C3E165AE9803AD4AA30437383FCE9130EA1C738E6A5439C81C67902BE719F2A5BB783CC6E0E73D6AE1B0DAA4ECCF1458282A4F008ADA8C2BC59C73DEBDDCB70B4EAD3BC889B672D736ADB7A647635CAEBBA50BA0B3228F363E3A7257D2BD1EE6DD4A15DA38AE6B508024A40E5719AE7C4E1A584A8A71D849F32B3383B8B6F39957201EC3D3F0A81F4DFDE6DE481CF3EB5BEB688D7CE5C1DE0E07D2ACC8B1F923600777E95DC9F32E64CC51C83DB6D24B0E3D0D50B9B718E0707BE2BAABAB1219B032A7A1AC2BE468E3054739C1A709B52B1479E788F4FD87ED489861C37F8D66E8DAC5EE81A8A5ED949B245E181FBAE3D08F4AEE2F6D5AE60923900C3A903F2AF3E31957656EA0E0D7D0E16A2AB49D39EA6B4BB1EE5E18F88BA76ACBE53CBF64BB0A58A4A7E5181924374C6077C5759A46BFAD5FA79C92C091EE2A9B23DC0E0E37677723E95F345ABB40F2ED19DE850F3D8D7B07C22BBBA92CEF2DDEE1CC116D2119B8007A579B89C0430917528BD3B17569A51E647A4DDF8BA2D3ADE41ABCF6F1B47D4E719F421724F35E7BADFC513772B59E830BB1915B6CF20EE149181F5F5AECAD348BED4AD1A5934D8646BB3B99E40A582760E31838FAF4C5725696D631FC5882C6DAC2D92D0B08DA3014EE60325C0FE139C74C77ACD619CF9AA568B7CBB5F6FF83F79B52A504B5DCCFF008C3E7595AF8734B25E47B6B7679DCF491D82E4FD739FCEBCD23BD8D2065D9F31EFDF35D2F8FAFA6BCF881AC09272E8B70446A189550001C7E0066B07C942D92833EE2BD3A69420A2CDF0D8D9E19356FE99DCFC36945C59DF47B4821D5B9F4C63FA57A1D9B146E7D2BC97C29AAAE95ACC6D21C4128F2A4F419E87F3C57AD42550865EBD6BE5737A6D5772B69238E73E79391B30972C17F84D5B8FCC403DB20D568EF234450C79C0C0140BF392A471D335342AD2A29294B53269BD8DEB5B98A783CA9972A7A8345F849630A831818158915CF4E707DAAEC73971863C57AD4B1F0AB0E46438B463DEDA90C78E4D60DDEB4BA018A6B843F65790248C07299FE2FA66BB4960569D73F75B9CD713F12AC513C3176EAA71F29C0F5DC2BCE9E013A977F0B693F9F51A9D8EAADA747449A175746019581C822B761844F6C1D581F51E86BE7CF09F8BEE342548726E2D1B8F273F74FA8F4FA57A6695F1020BC75B6B5B69237760A7CC200E7BF1D6950C04B0B5651A9EF419A2973D925A9DABDAAB01938C75A8669218536ABE4818E2B17FB7659B7C52229600302848E08E339FF1EB4E591E566791C9CF63DAB971D52149B8C2366FA97CB25F1121769242C4FE153271818EBD69B0C2CC3A735692DC8396E00AF2A346A49A925A0EE8B5668C1831E95A00A81C567ACBE52804D27DACF1815F4985C5D2A10506CCA516F52F332E79A2A15CB283457A5ED2FAA46563C2BC37AC9D4B4C8A294C667299642339C71B80E9DAB5CDBC60B047452721A3EC73E95E4D793DC58358C5033473A46ADB97A863C8AF4FD36EA48B4A862BFB812DE9FF00585531B7D063BFD78FA56D5A8F2FBCB6656370CA0F9E3B3E83866D592197E671C1CF01B83D3D69F198E3B8608095EA3279E7FAF6A799E396228D14ACC4E002A47E3C8A5112C09E60625B07098C91F8D724F477382C54BD4549982606790070323AE3F3A81C06319958A81F29201C81F5A9DE45936B0704A9E9FCFF00AD41711B7D91F920AF27078FD7A9FA5387C2FC89F33474A10CBAA46C6EE68E08C903246C90639571E98E9EF595ABFC38B1D4355BFD56DB5D8B7CF3195621186D84F38C86F71CE2A5B794886DD940C16F97DB839AF3FD435BD523D4AE235BD96351230DA8F8039E9C575D18546DBA6EC7B5963753DDBEA8EE4FC33610ADCE9178A6E5324ACA032F1E871C562F8922BAD6267FED0B8B6B616E0A7989854675C7DEEFDFAFD700F7A7A57C43F1169491C36F751C8A3E564B840FE673C649E7BFB56CF8CB51B4D4E58AC0CB01BAF2639A658C048BD7CB50BC020727B9FC2BA6319C5AE67A9E862633DA5A9C3D95DDACBA9DADBDE1636802C533E771D9FECE7B0EA0554B5BD8B46D62593C85BCB7566440FF00A1FF003C5745E309DB498F4AB6B79B4B94FD9B2B359C6AD90C36B06CE79C83FCC6334C3E18483C196DA94B63E63DD4988AE9260CBD3EE941CE47F5AF5D2491E2EACC78AD6491DB50286DA0977985DA33E592304A023A1E40FC455F4134D68C9165A1077F0BD703A9F61EFEB4E9A2FDCDAE9DFDAC9776888B332C218085D87CCB838E78033538B787CC91E342B0A92446CE33B476CFAF4ED5C18A9C7992EA7D464746B3A4E72F87A19E47EF15C2282BD081D4D248B18BA59080DD9F1900FD33576579951268FF0074236CC6049CA8F619CF5CF34CBBBD8EE215516B02C87AC88A548FC8E0E7E959C59DD5E8466EF6191E8ED35D4296DF3C7338553DC127A1AF6287E0CE8FA569ED7BACEAD2148D3738450A01C74CF35E4561A83D84E922970C8410E3A822BADD43C717BADDA2DADC5CB18F7EF2ACD8DC6AD5751BF323CDAEB1106A31765DC8B4AF0ADAEA5AD4B1A334766859C3311BF667007EA2BB3F10F81AC2CF46B06D26DB7CB35C471F0E49607AE735E7375BE57F32298AE1B2AD82A4739EA2BD0BC25E2996F6C65D267BA65B968CF952A1E436301866BCDAD36AA2A927EEF5F239ABCB112F7D5ECBFAD4E23C7961A768BE289ED34D38B7895437CD9F9B15CD97459525770CAFF336DEA33DBEB5BBAF684D169973732B48DA8DB5C11748CD9E0F46F7EC73EF5C9824B7D2BAA33856BCA274D1C4FD5E9BA97BC968BD4DBD1609EEE2BEB876CAC68A546385E791FAFE82B66CF538E1BAB7736D0858C1593233E683EBEF557C2976B6CD2C4CAACB37CACADD08231531B455D46582478D122DCD891880D8C9DB91DCE315C9393755AFB8F6387719F58A552956776B5F933A2D0B518D3C46047E5085A210B6D5DA1FA0C91EBF4AD9887F685EDC787AEAEE4B78AD9FED16F3CEFE60503EF03838E84919F715CD59DDDB4D6F137910C77ABC6F27FD60CE73D7EF70454BE2713413FDA0ACC9E74ADE5B96CA32ED00E07A839AC22B92BE8B46BFAFCCDE7454B309525EEB7156DB74ED7FBBF038ED66757BC2B13B34518D91B30C161CF3FAD7ABF876F06A9A05A5C8396F2C2B73FC4383FCABC8F511FBC20125146149F4AE8BE1FF008896C7536D2AEA4C45724188B767E98FC47F2A59961E55B0FCD1DE3AFCBA9E76754AF1F43D4ED480DB58D5A111C8C55629C6E18CD5EB461C2B75CD7C8BB5EE7CAA346D54AC79031EA2B56D24FC47AD66C61B6E4631D08AB11AB00483824601F4AF770B59526B976224AE5C9F6B337D31585770EE6701738EF5A72C8CAA4F53548CEAECDB80C6393E95A632BD3AD68BD095168E42EE109A9311D59467E98A92DAD49058B77E9ED497B28FED67C8F978527F0ABB0A1DC08C15E315961B58A5D887B961ECD65898A608E87BE2B9AD4B4E8F842B9739CE3D6BB4B572176901413CE7D2B335E82D63B8124402A95C01CFE24D7A95E92953535D08479C5DD8300C8392833D3B0AF2FD52348B569D10103764E4F7EF5EBDA9B49F692880990AE005EF9A6E8FE02B486E5B53D4504F72E414888CA47FE26B3C363A1858B954F92EE6D4F73CD74CF0BEA9AA157B7B5658DBA4927CA0FD3B9FC2BD57C09A1CFA043A85A4F2234B3C5B9768381D462BA15B658B90307DAA9F99F67D58EA25FF0071045B19719DCD9CE07AFA7E35C788CDAAE29382D17F5634949B5CA3340BBD660BBBEB405991143A4DD7A8E98CF3FF00EBAA5A3E81A9DAF8FACF57BC9E1F20BB1798B6361D8C0641F722A0D5B597D5EF960D3ADDF4DBBDA54189C212707190707A03D3A577BA547043A6416C44CE614189241924FF005FAD774ABD65074E5349496DFAF91BCDB847991E01AE6A56571E37D4AE64854DB99191428C67071BBEA719FC6A9CBF667933048421ECDDABD57C77F0FED75CB77BDB15105E052CAC060391D9BFC7B578CDA5A5FB4AC8EBB0212A44839C8EB5DF42AD3AD0E68BB35A35F91CF297396D8ED3C9CFB8AF45F07F8A23B98934EBC900B850162763FEB0761F5FE75E7AD1246CC8FF00338C7B7E353C1010376D2DDFE959E2B0F4F114F965F23D1C2E5189AF0F691B58F732D950DD3B54B14C3EEBB7D09AE0F40F1932A8B7D4F951C2CA0723EA3BD7656D736B304995927849E42B7047E1D2BE4ABE1274A5CB3DBBF439ABE1E7427C93DCDAB5B7328CA918F7ED56D61746DC47155ACF52B7DE40842C633B42F0547F5AD38EEE191371C63DCD7661F074A4AD19EA734A4D6E8950AC8B1F1C038E6B85F8A928B8D2E2D1A0399667124CC3A47183D49ED938C7AE0D741AC78AAD74C315B4451AEA521507509938DC7F3ACAD5C438FB449125EF259C4B1F3B73D72B839031F857B11A9ECE1AEAF4334936A4792E9DA22597985BE64C9D81B9207BFBF02B7F4492EECAF564822428CCA1B7F45E7861CF51DAAFDE3D9EA1759B1B430C6300E5CB0CF7C0ADAD32C7F700B001067A71CF181D3D6B8EB6266DEBAB13949CAF7D85B92C9E2EC79A7C948C28040E588C9AEA601C8F7AE5F5EB19E2BCFB537EED651BA363D0E071FCAABE89E3485EF5AC6FA36859582C739E51891D09EC6BCBC450AD592AB6D92BA34A72BB699E8D1205238A918819F9B8AA71CECC990C0E691D98AE0E45633C64542D045A8F71CECCE703A0EF4D5241E94D0703AF03B521719E4E05798EA36EE5D8D38E6F9077A2B385F041B53A7D28AF729E3528A4E5FD7DE62E3A9F30788EEDADFC597325B3946824DA8476DBC57A2683E231E25B231C2B2C73C683CC2D18085B18F94839F7AF326865B9B89AE6E1726572C73D724D747633595A59473127CFECB1FCA579C75AFAEADCAA0A2B75A1DB528FD65AA51E9D4F419A1D40EF668A32C4F2FBD402477001F4AA8B6174CFBE7B958940C911F181F5354ACBC4D62F1859AE442DC928C0961E982703D3BD5F5B78EF42994CF72392032E5071C703FA935CAE9C5EE7955F0F2A32B4E2D154DBC37937FA2EE429C34983B4FD73D4F5A92E06E2CA728C07E0DF4A96413860862223500B6EC22F18E0E7B673F953A3169240BE7CAB367FBB8DAA7D7D73FE3D2B194397A9CCA37295BAEC8620EA362A9724E40E9FFD7AF31BA32DFEA970F6D6F24DBA56C2C6A58F5E3815EA5F64B9951DADE486486374FDEC98202FA6DEEDEDD3D6AA7D867D06CCBE9A151250429C0241C707DCE73C57561A495DF53BB0F51E17DFEAF63CE25D36E5618CBD85D44DCEE7643861EC08E31F5ACF0585C0456F989C139C57AD5A5830632DF6A4F21DC5BCB8E63B9BB05CF6FF000F5ABB2AE8AF0996FDE17947DD820B60FB46320177049E87D0735DB1A8FA9D2F35E656944F35D0ADF4079CA6A0D2C65865247DDB633BB3C6DC9271C7231FD34AEBEC326A734716A7A85D590FDEC204A51525232588239C1CF200CFB575173A2683AA484089ECE420AEED9DF1C640E075AE7EFF0044BAD3ED9163549ADE37606448C071FEF11DBD294B1724AC8ECCBE180C555519369BE97292590B7549F065F38F7C9E476271CF51D3D6831C6B14E250C25E8AB8EF9E73CF157ED2DBED978B1DBB49244AB924AE36FA9C7600F7A9A18DE4D667CC1F6C6566E235CAB11FD2B865564DB93DCFBDA546951A4A9D356491892C122D8E5982A961F2F76EBCD5731E620361CE739C56C45696CD6B3C93BB89146634519DC73D3E95626B6B85D360B8654F2048D1A155C1663C9CFAFF00F5A9AABD118D4A715232A5D3922B049642DE6C8D84E78238E718E9EF9A5FECDDB6026668CFCFB02F3B8F19CFD2B4A60988A530986DD9768C367711F78FF9E2A6960B0935244C4B6F6A7691E60CB631C9FC6A5D67A12A85392B4D5D7F5A14E3B0960D3237326D8A762360CE4918FD39FD2ACE045776EFA3C73B4D045E648C4679032C78FE1AD7B2D05F52D48CF69114D3D1B28D3E7E619E98EFFA5745FF0008B5AB4B712B5C5C092E0112794446A41EA000381ED5C35B1D4A12E59BBF91956C7E0F0B0F64DF4DBF46BD05824B4F17688F7F02A9BA8E2F26F21032593FFAD9FC41F6AF1DBCB3934DD4A7B473928DC1F51D8FE55EBBA4784D7C33ACAEABA55E5CC6E462586421D255F4238E7D0D64FC43F0F5BC917F6BD840543B6E957FBA4FA7B7F2FA56B83C4D0E77184B47DFF0FF002FB8F82C4544A5250F85BD3CBB7E070FA5026E428CE723A5747A86C4F39A708D3B220505CEE5E01DDD31D88209EF5CC42E6DDE22C30A7AD6C5EDD23EA91DDC888D6C0AA9DBF30E38C1E9CF15D3562DD44CF5786EA4618D726FECFEA9FE84BA7189AE218B1993CE0720F41FCAAE6BF242F3477319501CB2B81206390719C755C8C75AA5A2CB6D15D35F4C0AC3BF6A2F5E33CFA678AA1F6A80349BF7796430041C7D3F5C563ECEF539BB1F5987ACAB62EA626FA4528AF3DDBFC5AFB8ADA839D8AA3E6F9783BB3C1EDED5CE5DDDBDB5D46EA48991832B77041CFF003AECB4AF0C5EEB60BC6A2380F1E63F43F4F5AE8ADBE17E951B79978D2DD4BDF736D51F80FF001ADBFB430D867CB51DDF647CE6738B526E107A9ABE06F1BC1E27B7FB2DC6C87518C7CD1E78907AAFF515DC448770C75AE36CBC2BA5584AB2DAD8C314A872AEABF303F5EB5D25B5FB438F38138FE2AF93C6C68CEAB961D3517D0F9E8CBB9D659DBBB05C66AD344CAD8C1ACFD3B5C8C808B22B03EA7A547AE788A5D3ED5DE34532718670485C9001201C91923B8AF5A8D1C3CE82E493B89393762F4F1B053F29FCAB2EF4C76B612CD2923CB52CC4554D4B52B8B0D36E350BABB9A54B68CC8F128084E39C7031F9D796CDF109FC43A97D9670228092614C018F6EFCF1D7BE4F4A2197A7CD53748AB4A51BAE86F4170F2DCC866639772F9F4AE9AC30C00DDC0F435C5C7312064F1D987F5AD7D27509525DADCFB8AC60F9277B18743AD0E533CFB5666B538F2C74C85EB531B80E809E0773585ACF9D7D0DDC169242D3246582336370EE07BE3D6BAA58872FDDA08C1C9D96E3B48B212CAD7AE859D8ED8D473C56C1768DC0946C3D029E08AC9D0EF2E6D34BB5FB5249148F337CC9371B4AE5720E71D3B559D5EF22BB976C6804ED80E41E38E9F8D79988A50F68D735FF0023AE9C20BE263A591AE253046D819FDE383D3D87BD5FB7B56DAA228B6A8E991FAD4BA1E90701A7E99C85FEA7DEBADB7B18CAE71C0ABC3602588F85D91937CACE5E3D3AD61732ADB46B3336E2E139CFAD5A8770936B3F51EB5B3716E8B938E9D2B25F7BCCAB1AE42F5CD7554C2CA8C9393BB239AE298D6685C3E1988E315E3FE32D296CB5B0E8A145C8DD9F7E87FA57B10CC0BEBEF5E6FF0012258A136924C40F9982E067AD6F04D548F7D995460E72E58ABB3CC634135FBABB63E7233F4AEDBC19AFE9DE1DBA9DAFF4F4BB12A6C42C01D87F1ED5C55DB46D309E02D93F7811FAD20B869728548DBEBD6BD74E49A9AE87E858474A784FABD58B4DADB6346F5D64D599A10A23966F9157B027A7EB57E4BA7D2645F2A67495FA2A3633F5A6E89671DD4BBE6859D540C32F1B39EA7F4A835CB1116A12F9729904648DCE7A8078358CE1CF2D763971780A78BC4ABED15AF9FCCD983C59AA4081E68E3743D08057FF00D75B16BAE6AB7B02B0758E361C320FF1AC3F0FEA1A64767A85AEA568F319E1DB6F2A360C4FD8E38E3A7E557FC337EB0DACB65B3E60772B91D41F6CFF009E6B8EBE169461CF149338738CA29C294AA534D72DB5E8EE74765E1B87522A65662EC7962DCE696E6C4F87F598A2136620AA4BEDDDD48001FCFF00FD55A7A23B06E98E3A83597AB6A25B5F31C6CACFF329258750B9E475C1FF00EBD73A94254745AFAF43E529537CF72E4D6B649772F9712DBDCED2EF1AFDD739C1DA3B720D54B1BA92656BA5666B28C811AA2FFAC7EBBBA678C8E3DAB3B54D5E7B50EF0A4B247E50492E4AE23C724A83D7FAD5BD243DFC1035B288E4519443C2A8C638CFD2B9270E58BA92EA5A8456A743A9DEDBDE69315A5E4AC8F10CA61327A77AE6238F42B42AF14134E1642646942AF98483C053D4741D3B7AD74B6FA718C00C8EF2B0F9E565E07B2D36E3C376F3BA48D34A8474C11C7E9510C4CDCF56DE9F819ED2E68A23D2F56416D1C7B1A00A3E547627E5C718279C631D6BA7B5B692E63123128846467A9AE6B44F0F4171A9ADC4F74B7514002C280F031DCFE35DCEF09D06715C7569E1E551CAFA75F53A399C96D629F91144A410493FDEA618E1231B41FC2ACCA0C9C80052241B98579D384A73E586ABA15A25A912C56E14030A9FC28AD05B68C2F2B9A2BD28E5D8BB2D57F5F2239A27CB76DA06A5A83C090C06347FBC64C26D5CE33F3119FC2B79FC176764A2496F2E260080C91A81BBD79E715BCDFDA0CC99991C93B4E58F3FA53678AEE4824504303E8C7AFF009C57D4CF132D968733CC2AC64E54BDD32847616D1916DA5C2BE8F3012303EB96A956E2E257494DC6D6C601278031D31553EC17EAB8F2891D886047E35A9696D6DF6788380F329C939EA7BFB1AC1A94BA9C53AB52A3BCE4DFA962D6EE4991FCCDA36E23C8FE2F53FE7D69D2BF9D10491B1CE0559B4B34C08628F702771078C7E356EE92DAD479712079B825CB640E3A0E95326F6B892D35331B4E974EB78A54CBCC642C5474C607FF005A952F4CD708243B3CC230CBC800E7B54ED7A2EAC600EDB64FB8BB8E32DDB1EE71D2AACAA90D9B5CB619D118A291FF00D73E9FFD6ADA8A9772E526EDD8CFB8B029A8FDA8B0756C1C23819C73C1FA81F95488A90CDE74F610B90A00DD29C80003CE07FB43F5A963926817749B248DC80AA01C1CF6C11DBE9E95A6B6325D29961F2D22E37846C30FF7FB9E9D07B6077AEB84FBEE45BB144DFAAE4B59400827243100601181C75C7F5AAF712AAA974450E871D49EFE86B761B2892DA56FB3CB74E4EE7775D833EB8EBDBF5AE435ED4E44678C88C800AED0C30BDFA014A5A89458F856DAE3524B8676472713AC6BB4E063918E3A66AD5BC56905DDD4B14B2DB2147F2811B9DB23001FA83D6B1F40D3B50BF98CF0A24713705C82030FA77AEB9FC372B4CD2CB7F32C8C393111CF6EB827A71D6BCCC4568539F2B91F6396E753A747D956BBB2B27FE7739996CC7F64BBADCAA8DEA4DB8C966C77FA0AA579750FD860658E28DD58AC8CA0E5F3DC9E9F80AD3D53C0F7C631F64D5E50A0F0922019F624638FC2B97F13E83069F6F67E59BCFB598CFDA9A560D13376D8401C63B1AEAC2AA35B6A9A9DF2CE7DA3F716B72C36A7A6A5E869D8A5A9EAB192703D3E6357BC3F6D1788F5D648A7DF6B100F295CF03A05FC71FA1AF32986D6F5E6BDBBE16E902CBC30B74CB896ED8C8491D870BFE3F8D6D9946184C33A917EF3D11E755CE2BB6E0B43B486148A21146A151461540E00A76DDAB939A9950FA54BE4EE5C639AF8B57933C86DB776420EE4009E3A1350CB83149190B244E30C8C3AFBD59689E03C8F948A85C719ABE695392E8C8B2679DDDF8651B5BB66580B5A89712441B054751F856A6A1E0145B2B8360D937051155F3B47392C0FA81DBDEB72F6C27BE9E0FB348227563E63E33F277ADF82D84312A02CD818CB1C935DD5333A905169FCBFCC297B97B7DE723A67816CEDA111DD5C4B72831FBA1F2271DCE3927F1AE920D1B4D83FD4E9B68A4F24F92A4FF2ABE9101D6A51B548031CD7995B195AABBCA4CE855AA38A827A1596CE10BB4469181C0D8A171F95326B17D9FBA3BBDAB4045BDB0A79C74A9115E1E48071511F68DF33D8C9EA612459F976F3D31B69FF00D9E64FE119FA56AAC6B25C17DA013CD68DB2C6B8CE3E98AF43098755F5B994B43977D1DC2EE0BD3D39A9ECFCF8199422C9B86D3BFD3D3E95D949730C36EBB511998E006E83DEB3EF218E5449E354553C328EC6BBEBE0BD87BD46A5E495EDFF000421268E675BD19F53F0E6A1603879A16F280CE011C803D06715F305C4C564F972ACA7A8E306BEB6D42E96DED239463E4906EF65C13FD0578F78F7C0368D712EB1A52B79737CEF6E98FBC49C904F4FA7D6BD2CB7174A93F6739692D53F3EA8DA84F78B39CF0BF8ADEEE48F4FB98DE49C9C23A2E77FD40FE75E85690CF6FF00BD94051D704F38AE57C18B696BA7C874BB045BE5630DCCB72B99073D14E7038E3A57A04AE04F334B2E6DCC585572386040F9475C1193F81ACF190A4EAC94158CE7493BD9EA8C3BED516E1A3B698CEAB212A822E32DC633EA3AFE55CA99EE746F11C0254963F32509829B7765B04FBF535ADAB99ADB52B4B9B649C99C9858C685F667A1C74FF1ADDF184DACEA3A2DBDC6A7A5D92A42448F227CC571DD723E5FA73554945457375414A2B95485D6E6B5D462FB046098CB0F3761C0639CED18EA735B7E1FB0F9A532261D0AE01607B67F3FFEBD627872DACF51D1ADAEEDC48F2DC0219BA18BD401DB1EBDEBA64B38F4446BA866C96C290FFC440E338FCFF1AF33EAEDC1D34F457FF824A93BEBBB3A3B4528B82319AD7825558B6F7ACBB5904D0472804065070CA41FC8F2292699B7614E2960B10F0FBFA1738962EA7519DC6B284E8B3160A79A91C99188C13F5A6CD1081496E1B15A623133AAF9A3B2325123B99BC9B7932C4961F2835E59F112EE1BBD42CAC99B0D12179091DD8F1FA0FD6BB5D7759874BB27B9B824244BB881D4FA01EE6BC3EE3549752D466BEB86CC92BEE233C01D87E038AE8C04675A6EAFD94ACBD4FA0C8682FAC7B496C8EA2FBC29F63F05C1AE8BDB795276DA201F7D3D3EBDF8FA573A8FE7D8C6ED92D131424FE9435C8B8558C16280E76E78CD5CB3D3A7BB6C4113C993C851C66BD69356565A9F5DF5794A6A6E69A8B7AEDA3E9F225D0F546D275386F1618A61136E314CB946FA8ABFACC975E23BE9F52F22246B96C471460019039C0FA77F5AA5A8E8F2E9B7D15AEA10C968DC1738CE50FF0010EC6BD0F42D0F4FD3A129033BB3AFCD2B81923D07A0F61D6A2751C172BFB8E3CCB1D4B0A94E2AF36AC9ADADF91E690E9FA9B858134CBB69F770550E08FCBF5CD6E6354B2BA3752594611224431424123190791C67824D7A5DB2470CD1851C277AF3BF10EA36DA35C5F44D3B35F2CDBA340480C8DC95FA02723E95941CAB2E5947C8F9CC566788C6C3D8A5A1B1A7F8A8408CA612C48C6C752A54D5FD1E73A85F33DF08800A09DE3E6DB918F7C7F857914BAC5E5DDC192566638C7DE3C7E34E8B537858C9F386618772E4923A1FD2A5E5E968B639565B5E0B9D2B9EDBE22B9D3EEAD5ED2D2FE0B787612EB190C48C0071F8647154035BDAE9D15ADBDD98658AD8959A350CCDC800720F5AE334C9E6BAB192FADA08EE50022545C06453C73CE71D7F2AB5E7DB4A6DE69118DBCC395652C636E83F993D3D6B9254E6E4D4DE9E8B7386ED4FF78B63D234496F62B6885DDD095022E0940189C724FE34FD4A5925C185C238FE3C74F7ACBD2B57B49B1009A367418214FF002ADAB9B10B0099645298CF06BC8A7F5853725D35B19CDABEC51F02E9F3C22F2F271B19C88CA839C9192493939FBDDB8E2BB200E0D56B00A9631B281F38048ABD1AE466B0AB19E22B5DEEF5B1BF375235008C115246143504639229C42F0738CD7461E8B8BBE9A12D93803145446441819A2BDCFAE515A368CB959E31BA58410B03B30F4C900600CE7F0A80DE5F0DC3EC84AB8C91F87FFABF3AB297B6A88AAAFB881C6EF5C62A5866DC586D50A460107248C01FD2AA575AB3CCB11473C8E8D9B1B804F2582647E9D2AF436AF31FDE40327196231FA8A431CEB6E64F37CA8C8C36D18DDEC3D69D0CA5571186F2D57AF5CFBE7BF6AC6576AE916925B92CEB0AA98E32B146BD49392FFD7F0ACA91C20690B6EC311FFD6A981DD2124F6C64F150B2EF1960DD73C7038F7AD231B12DDCC2D7ADB51BBD207F66C134B70B748EBE48C9520139E3A720574B158DFDCF87E29752D364B27901475280007D73E9E9E95CA6AFE2FD63427FECDD2B506846DCCDE5A2EEDC49E371048C0C7422B3AC7C43AE5FCC279B5A1F69B64220376CEFBC1392BDC1CFFB5F9F02BBE9539F2A4BFAFC4F7E96553AB858DECBAAF99E83A7E957335B452C93BB288F66E202ED50790B8E80FF007B1F4E4D6F24062B40B1E2339DCDB78E3802B84B1F8890C30496FA858BA1CEE6FB23651CE7A004E471C7535CEF8A7C777DAA225ADA298AD15BE7DC7E6947A1C76F6FA55BA7CCEC8E4FEC9C54256947E67A6EA1709E4C9BA6768DBE565663903F1AE257418356D536960F6709C9DA7EF1EC0D7273F8AB56D0AFAC35BD30C617C8FB3890C6189C7F0BE7209030338E8057AAE857975ACD943A95F0885CDCC6B2388A3083247A0F6AE2C7CDD0C3FB552D5E9E9DCC5D08C256BEA685ADA2C71AAA00AA060003A54FB0B1DA01CD5985016C6703D6A41136036318E9C75AF92BB96ACD96855685760DEC5B1C6D3DAB3F50D22DAF2DDA3922592361865615BC137FDE233EA698D08C123A74AD6F38FBD10523E76F1878467D0AF4CB1067B263C37743E87FC6BDBFC350AC3E1AD2D106145AC7FF00A08A8F5FD222BAB574750E8E9F329AB7E1B429A0D9C2DC985045CFFB3C0FD00AEFC7E3E589C2C14F78BFD077BB77DCD5279C8EF57AD946C20E339F4AA406D23BD58467F301AF2F0D59539F33D44D5D1A2F605ED9E420118C6315CFDCC3E592A7935DBD94A92D8124741F357257044B7AEC7A024D7B39BD1A70A34EA43A99C2F7B105B40235C0EA4E58D5E4403AD3608F71CD59D993802BE66726D9BA4441019000BD4D5DB6D344D272BF534D862124DB118061DFD6AE4533DB3E5C86F4AF570186A7CCA75BE1B91293E85D4D36DA001B6E5BD4D62DFAA879141233D08AD092F1A5EA7F2AA448694EEE7DABD5CCAAE1E74D53A114919C2F7BB288CAB8C75A586661F2F53EA6A4963DF301D3269930557C7DE24F005791838CA0A52BE899551DC98CAC5F048C0EC7939A0CC590C630A00279AACF0BC637EC393D00AAC55F3D0839E4D6D5B11383B35BFE428A4C4D42DA2B9B796DAE09F25D792A7041EC6BCEBC3DE2A884D73677931930EC23DF96C0EF93CF1C56CF8D7C489084D16DAE47F68DD7CA4AF26243C16E3BE3FC6B8ED3F4D8B4E47B7B6B26BBB823124CC3009F6278C0AEEC2E1D4A83E75A3F87FCFD3F3378A4A2DBDD9A7268AFA5EBB26A163383637FF3BA3024A49D7208EC726B435356D46C9628980941077EDE40CF3CFBD5CF0CDD8BA74B6BCB6600FCBB5E1E00F6F6EFD6B735382CED63658957CC6E8883000A8AD5A5069B776B433AB4D2B49338883511A75F5B2157289F2B4863C95FC4F6AE82F357B1D42D95354D444769BBA6E55CF6C1CFE7C5674964DE505C336DE32DDEB99F10E80D7509681824EBC8207047A1AD69AA7566937CBE64D3718C96BF33A2B7F891A069975069BA2E992476EED8927DBC8CFF00105EA7F9D7616CD657E12E167FB44728FDD92DB8640E7FFD5DABE74487172CB292AC0E3F1AEB346F1943A418D3C9983061E64D1BE4C83DD4F04F4EF5DD8DCBE5285A8377EBE7FD791E94F051515381F41697099995437EED38396E6AE6A1E5DBA92841AF3AD13C6305E5ADC5C0BA852DE16DB24D2EE8429EC0EE1827E868BBF1E787C3112EAD1C847510A3BE7F218FD6BCDC3C27468BA4A9373EAF5FF238FD8D4A92F755CEABEDC81B2EC062B3AFB595C111ACB33138558E36727F0009AE367F1C43A84D1DB689A55C5D485BEF4EC235FC40278FA9158FE28F89DAADA6950D969573047751C87ED135AC388C8FEEA1249C0F5EFDB8A74B2CC4CE4A32EA6EF075211E6923635ED4FC49A178866F3AC3CDB29A031A829B91D08CB107B3601EBD2BCE2F6DADA2D5EE4DB46FF65F30EC47EAA3D0FD2923F19EA7AD158AFE432EC25B25DDB767B6093C7D2B5744D42DB4FD560BAD46D16F2D95F7C90B1E1FEBF9D7BD4294E84234A7A5BB6DEA7D0E5B4235A93A896CBA697B7EA66298CAFEE90A8EE339E6BA8F0CEA6966D13C97011636C9461C1FA70727F2FAD733792C4755B936C025B3BB322039DA3A81F874A9AD374B2247146EF231F95141258FA014E715B3D4F629C2955A7ECA6EC91DF78E35FB7F145E69D15900D1C31B2B3E3939009CF1DB15C71D5B555C42B7D3C6B1FCA1436DC63D7151C97F79A724F68F0BDBCD2637F991957039E39E403515A63224750C339DA7B8A2ABE67CD246D87C261F9552A6AF18EDD7D4ECB42F132884C3A9DDCE25E8AE58B2B8FE79FF003C5703AC5DC97BAD4F3CCFB9A43D4FA7415DFF008A2F3C35A959D9CFA458B59CCA36CE02E00E38E9D4FBD79EEB507D9AF23438E5739F5EFF00D6AE11519D933CC9E0E9452C4C60E2DEE9FA8B6D0C6A58E738C1FAD77BE23D2BC1CDE14B0B9D1DCADF6D513AB13CF1C96CF439F4AE1B4AB3B9D5AED2D2CA169662325578C0EE493C01EE6AF5B10FA88B2BC91CDB46C44BB1C300075C11C76C66AD3946F7EA74548D2A918B52B72EB64F7F5469F856CAEECEF64FB24C51A45C908B92C319C73C7A7EB57F5090E9E6DED2E22C452AEE8F9E5B0707A74FFEBD64695ACCB6B737BA95AC52BDBDB00B958F7280481F7BB70081DABA1BC92CBC416906AB600948F3E7479E558E3271DBA0C9EF5E4E26328D6E6A8BDD7D7CFA1F1B98C6F55B5B181A95CC7A7E9E8210519A4C11ED835BFE1BD79EF6D05989E62F1A8CFCE70C2A99D1A3D76C30CC635F37218296231E8075ADDD2F488F4AB731699A7B6F6FBD35C372DEF81FCB8AE5C455A4E972BF8AFF00D6A79CA9C9BBF43AFF000EEA9E4A0B298E1739898F419EA2BB2B7981C21C57992D9EA3227EF6EA38CF7F2D3FC735BFA55FDCD9C6B15C4AD708BD19BEF0FC7BD7931ACE8D5F6B177EE8D16D66770D1861D2A278F6A63B54565A8C5701447206E391D08ABFF2B8AFA6A7470F8CA7CD0D191768CB68DB77078A2B4BC807BD15E64B8724DDEE5FB53C64DBDA1DCFE4C7F78B6CDA3F019EFD29F0ADB2B07589464F1802ABDC9369722DA48648E4DA19838DA707D7F4A9940860DD248A1BA6430DA3B735DD34EE79B6B05E5F4D737685D17CBC6D27A6C1F4F4A6BCDB0AC51FCA31818E334450EE2247DAF85F94E38C1EE3F2AA8086BA24E37E08CFA8FA7F852B6ADF6136491486594AF98A8A1492C5B0401E9DA950955B89FE608A18965236951C93CF3D326A3B72FF006E7423287A0C7F9C5733E21BEB8BA89ADAD1835B464ACCD1F566F7F6AE9841CE5A1DD96E0278DAAA9C744B767313CAD737935C49CB48E5CFD4F34D5467395C6473CD767E11F87B7BE2A8A59A1B88A18E22012DCE735A3AB7C26D7B4D84CD108EE947F0C3CB7E55E8469CF96F147E82B118584FD84A6935D0E1E081253BA46DAA3EF1AA17C177901702B56481E077B69D248E6424346C3047D6B36F76AE79E0560AFCFA9D789B7B3B47619A5CB0DDC7368170C025E29681CFF04C3EEFE7D3F2AF6DF0FC5E5E8962A46185BA023D0ED15F375E4CCB788F1B6D65219581E9DC1AFA2BC237726A5E1CB5926005CAAE240A4107B823EA2BCDCFE84A34A335B37AFA9F9F579C655A4E3B1BE87E538FD2A659724AB7E7E955D0ED6A9542F9833F74F5AF938C9A7A18EE59F298EDABB1D8BEDDC0640CE78AA1697B14970D0857043150C548CE075FA75E7DABA8D3A48FECFB0FEB5F4B80C241CB96A68C8A919477398BB8A278195CFCDD8FA566696AB15D4B0740FF0032FD7BD6B6B3B45C49E5F02B99D5EE9F4EB392FE300BC0A64C138CE3923F1AF2B17152AEE8C7D0704F43A958B39C0CD48916473C1155B44D56D758D3EDEF2D1D5A19064303CFB83EE0D6C5D9B1B1B437377308A3E016CF735385C0CAA5EDBADEFA17276766547B992DE2755620375ACB5E5989EF5656FAC6794C28CC58AEE0581C62B3EEE75B78DE52408D01663E800AC7151A8DC5377EC851B3D8D8B403A1ABBB063EEE6A868D3C7771978DC1181C679FCAB63CBEB59D2C3CD2D56A69256766554882B8603691D0D24C4B118C00075AB0F19E7155B6B127D2B6E59421C896E43DC41C74A779596DC4E327934E18DDF4EF5CC78E7C6FA7F8434CDF2E26BB907EE6DC1E58FA9F41EF5A52A12AD2E45ABEC26CEBEDA0823B9F36461F20C0CFAFF9FE74C922B38E4054A6073C753F535F2DCFF12FC577513CBFDA8CADBB3B5624C0FD299A5F8C2EAFAFB1E22D73545B3D8C7FD19BE62DD863818AFACA597CE30F67CB14AFE6FF0042141CB767D1FAD78C343D2518DF5E448E067CB07739FA28E6BCBF5BF8B9E64B2C7A758B2C450859643F3138C0E074AF2AB0DF7B7BE5C01E59A46C2A9E58D7A67877C0B1C3309B5509712A9256DD0EE4040CFCDEBF4ACF134E8D0F7EBFBCFB5BF4FF003D0F42186A14A9F3CDDDBD883E1EF876E3509A7D66ED2492699884966CF4EED93D73EBED5EA56BA5431904837120F5FBA299A5C89700410B1000C965180A3A715D35B5AA88C2A8C28AF97C663675EAE8BDE7D3B239A4B9DF3332974F7326E0769F44A3FB1AD7712F0EE63D4B124FF3AE816358C7039F7A66D2589D809AE6742B4BE293B87BBD8C16D1AD5BFE58815997BE138A7522194A1ED91915D8ED073C60FA540DC3F3F8D4CA9D6A369290AD17D0F9DFC6DE0CD5748D49AEE3B7DF6928CB4ABCAAB7BFA5733A7DBCA9771490C2B34BB86D5913782DF43D6BEAB96186E2278A58D6485D4AB2B8C820D78E789BC10346D4E47B394C76337FAAF94B6C627EEFAF7E3AFE99AFA3CBF367522A8D5B737E67AF9654A1770AEF4E8703E21B7D6E3BE306ACD70922E18C12A9555E0E30BD0753D077AA967146E3E63D3AD749168FA86A7A9B03279EB06374C49C1C74504F5354751D066B7958C11F7E5738AF61D682F713B1DF0AF87C3D7E5D3F4367C37E27B9D074BBFB1B41118EF54ABB3AF2382383F435C46A4AC8ACAC0AB103191D8F3FCABABD3BC3C2EB44F3256B85BF9EE85BD9DBA20FDF3632DC93C0031CFA915C85EB5CC978FE6063203B7D7A71D7F0AE8A72E6F9155EBD09424A9EEF723B183610EBCB56A7DA1DA1285148040CF7FF003C5528D26B600490C88CC0326E52322A459732296FEF024D13F79DD9A61271A74D462EC6B69F6D1DC4E90492AC484E59C8C903BFE99AEB97C1DF69D3FCED395DA48C132A4C4027B82B8F607F9D7216E0ACA2446C3A9E2BBDD03C7775A3E9B35B24711794001F601B00047007E1F95732E5724A4F43D6AB4F171B54C324EDD19C2EA70CD13A34B23B92368DC49007A0FD6AC6896373AB5F4763671F997126762640CF19EFF4ABB7304CB1C6A53174E4C8A0804807A0F638CD64E9F6DA94FAAC76F611C8D76EFB5123C824FD7AD34AEF94A9549516E50B5B5F4FF8634A32B69AA1B3BEB795844E44B121E495CF19FAF5A489F44D5B5E61AEFDA6DECCC7B565B6C128DEB82391506AFA26ADA4DEBC17F6D24370A72D1B1E083CF073CFE7542D6CE7BE8E775923F323C058724BC99FEE803B77AB8C792473E22BC3131F79EFD8D1B38349D33C4822BA924BCD219F1E66363EC3FC5807B7A543E2CD26F34AD5E58E05DFA55C132594B0F29344795E47520751EB573C37A45CEA93C914B6E5A35C17E3E6007F08FAD7A2784FC2FA969D31BBFED0FB3680ADBDADAE137866FF00601E9F51CFD6B1A9888C6A3B6AFF000FBFA1F3F89C4D3A557954B65FD7CCF2BF0C787B52F11DC9B3D3AD269236E2574E1631FED31E3F0AF46D2BC3FA178162956FB545D42FC8F9EDE17DB1A7FBC7FCFD2AD788352F136AE8FA5786F4EFEC4D217AC881636907AF07E51EC39FE5595E1BD2637F0FCF23C6199D40524649E6B9F1B8BA6E164D3F2383115A55637D12EDFE669DEF88C5C69EB69A38486E257002C1115D8076C9F5F5E3A57436D693470A09CEE931F337A9A7D9D95BC5379CB12EF65001C74C569305C0CD7CBE26BFB6494159238A4EEEE521081D28F27EB575026EC1AB4A63404794189F515CF0A1296ADD886D19288C8E1949C8EE2B4ADF53BD8B8F34B01D98669C2D95B276E3D8521B565E45351C4D2F7A9B6BD02E99A11EB170532D12E7DA8AAB1C6C13918A2BB638FC65BE362E5479B471CF7F792CB24881A566C33E41CFA1EB8E31F8D5A789F06200193AE0700FAFA5496BFF001EA3FEBA8FE42AA5D7FAC5FF00AE43F9D7D1D6693B9E692CD288D02A008BD000C481F8935560DA24922293139CEE0DC1FD2A69BFE3F13E82A7D33FE5E3E8FF00D6B386BA7716ECE3FC47ABCBA2E97F6486F3FD366F98C3B33E5A107E627BFB7D73D8579FE9BAC5D68D3ABC1210A0F2BD4569F89FFE460BEFFAE95CE5C7535F454F0F08D34ADB9DD85AD3A1253A6ECCF58D13E2945A65BADCE9EA915CB11E7DBECFDDC8077F506BB1B0F8E965231FB7E9AF12E06D31BEEC9EF9CF4AF9BE1FBAB574FF00A81F5ACAD283B459F42EA52C5439AAD35CDDD5D1EBDE32F881E17D555E682CC7DAA45FBC1406CFB9AF26D4B548EF04A51FCA6E8A9B7EF0F5CF6AC897FD7B5432D6B1826F99EE79F5B1F5143D8D3D23EA5FB5D26EAEAD25B986DA49218706591549083DCF6AEFBE1DEBC9A2EAA2DA77DB697585639FB8C3A1FE9599E05FF9177C4DFF005E5FD4562C1F78573E36946BD374E5B335CB6946AC67192DCFA69E22723193DC7AD5700A37A7A834FD0BFE41D6DFF5C63FE42A5BCFF5FF008D7E795A928AE65DCE07A3B19817C9F13DADCA01E5CB13C6E4F66E307F2E3F0AEAE1778C107091EDCF99BB2335CBDD7FAFB6FF00AEBFD0D6F1FF008F38BE87FF004135E8616B4A5CADF45FA8E525CBAA29DCC893DD2A82583E7E71F7463D7BD73FE2FB298F86B5148F66E92228AC5B00678C9F4EB4E87FE47397FDDFFD9D6A1F8B3FF2245E7FC07F9D6B43071955536F5BAFCC4D59A479AF873C4B17835CC71EBB04EACD9960585DD09F5DC3A1F715E80DF147C35AE69BF65B8B8786604321FE1CFBE70715F3AD3E3EA2BE9A7965372752EF99EFB6BF8173FDEBF78FA8E59D45DE9F642199A4923322B28F95463049E781CD3B56475B71616E0BDCDC8D848C1D887A9E7DB38A9AC7FE3EACBFEBD17F9D58B5FF0090BDEFD57FF4115F0B51DAB2F249996D15624D12D25D3E623CC47DDC853F28CF00E7030738EFCD75D02ABE0E3AF61DAB981FEB17E95D0DB7DEFC2BD4CA6BFD62A3F68AF6B0556D166482358CEEE3F1ACB91A18FF008B77B0AB9A87FAB15873FDD15BE735A1465CB082D0982B8DBABB7C111802BCAFE2D787FCCD263D62190EC91C2C9BB24B7A73FE4715EA0FF75BE95C67C4DFF9278BFF005F75E66515A4F149FF005B9D7420A552299F3BA031BB2377E2B67C2BA07F6EEB90DACAB30B527F7D2458CA8C1C7278E4E2B2EE3FE3E16BD43E19FF00C78AFF00D7E1FF00D0457DB63B112A341D48EE44E2A9D4714769E15F00E9BE1DB770150DF48BB7ED33B00D93D368EC3D875F5AD2BCD09B4B64B8172C6465555217DFEBFAE6B91F8A1FF234C5FEEC5FCC55FF0087DFF1E2DFF5D7FF0065AF067869EB5273BB7E444252B5EE763E16B6717B76ACE59571C11823258F3C9AEC3845005739E12FF597FF00F5D17FF4115D1B7515E538A4E7516EF4FC87CCE766C6382D52C28DB714C5FBC2ACC75D780829D4BB265B0E581719619351CD6F18C9E067AD5A3D05433FDDAFA2C5E1A9428BB44C53D4CE281DCAAF41C5656B1A7437B6CD04E81D0E0E08EE3A56C43FEB1EAADE7435F198AA6A34FDB2DEFF0091BC1EB630AFAC7C3FA68533DC100630B02671F8F4AE4757F16783EDAE1D60D396EA6C7124AEC71FF010315D3F8C3FE44C9FFDC3FCABC057FE3E5FFDE35F5118A9C6FB269743D7CA32FA78A93751BD19DE6A7F14750D205AB693A7E9211176090DBB33AF7C673C679A92CFE296B9A878635098C56F67736CC8C9750DB2F96F92018C86CFCDCE463D0D79EEA1FF001E93FD17F9D5083FE3CCFF00D74FE95D9497EED2BEC76E232DA346BFB35AFA9D64DAC78975BD36EEF5EFA3916D407910C481B04E320639EB5CFC5ABDC08A490AC7E62907CCD806EE79538EA0FF004A583AC9FEE1FE55417FD4AFFD7614D52872EC8DB114D43E1D0EAF59B78B427D3E5582569A78C5CCA921DCB182780411CF7EA7D29B75AA5B5E18D859C50328E7C905437B9E4FE98AF46F889FF228FE0BFF00A0D79041FEA53E95CB49F3D24CEDCAF113AAAD27B1D5E8FA935C5EF9D2450B8B6FDEB1738C72067DF03F90CD57BCD4E187C532DE6973154461246E87857E09C7B024D6759FDED43FEBD9BF98ACF87FD43574457537924EB7374B5ADD0DDD77C4B75AD5FA5EDC4DE65C0F958AF4C0E9C5761F0E22852E22BC85EDCDE61814DC37E3BE47E75E6BA7FF00C7F1FF0075BF91AB56BFEBC7FBA7F9563898BAB657B18E27051A9856A2F96D7FC0F78B1B3D06DEDE4BA796D6548E427C981D5BE7EA7245715E30F88B6F7978B0D946EE21E00CE101EFF5FAD62F85BFE45CD4FF00DCFEAF5C52FDE3FEF1AE654E2E73A56D236F9E97D4F1727CBE9625B9D5D6C76B17C44BD11CB0CF6D1B2491B202B90572319F7AEE7C3A96F2F87ED9ED5964472A06DF6ED5E2E9FEB457AE7C26FF0052DFF5D8FF00E835CF89C15395943472697DFA1D19C6028E1E9B9D256B1D24D6D71A7F96D2C65564E549FE54AB2798CBC6456CF8AFFE3D20FF007EB0ACFEF8FAD79399E12383C42A5077564F53E5632E65A9330659029523DEACC328C80C71EC6AC5F7F07D2A83745ACABC1E16A3E57705EF1A7903EED48BF3AF41EF55A3FB8BF4A9E3EB5D71AB76935A326C3C21F4A2A45E9456BECE207FFFD9);

-- ----------------------------
-- Table structure for mall_flash
-- ----------------------------
DROP TABLE IF EXISTS `mall_flash`;
CREATE TABLE `mall_flash`  (
  `flash_id` int(11) NOT NULL AUTO_INCREMENT COMMENT '限时抢购id',
  `create_time` timestamp(0) NULL DEFAULT NULL COMMENT '创建时间',
  `create_id` int(11) NULL DEFAULT NULL COMMENT '创建管理员id',
  `update_time` timestamp(0) NULL DEFAULT NULL COMMENT '更新时间',
  `update_id` int(11) NULL DEFAULT NULL COMMENT '更新管理员id',
  `start_time` timestamp(0) NULL DEFAULT NULL COMMENT '限时抢购开始时间，如2020-07-27 09:00:00',
  `year` int(4) NOT NULL COMMENT '年',
  `month` int(4) NOT NULL COMMENT '月',
  `day` int(4) NOT NULL COMMENT '日',
  `hour` int(4) NOT NULL COMMENT '时',
  `minute` int(4) NOT NULL COMMENT '分',
  `deleted` tinyint(1) NOT NULL DEFAULT 0 COMMENT '删除标识，0未删除，1删除',
  PRIMARY KEY (`flash_id`) USING BTREE,
  INDEX `mall_flash_index_year_month_day_hour_deleted_minute`(`year`, `month`, `day`, `hour`, `deleted`, `minute`) USING BTREE
) ENGINE = InnoDB AUTO_INCREMENT = 7 CHARACTER SET = utf8 COLLATE = utf8_general_ci COMMENT = '限时抢购表' ROW_FORMAT = Dynamic;

-- ----------------------------
-- Records of mall_flash
-- ----------------------------
INSERT INTO `mall_flash` VALUES (1, '2020-08-30 14:31:18', 1, NULL, NULL, '2020-08-29 18:00:00', 2020, 8, 29, 18, 0, 0);
INSERT INTO `mall_flash` VALUES (2, '2020-08-30 14:31:18', 1, NULL, NULL, '2020-08-30 09:00:00', 2020, 8, 30, 9, 0, 0);
INSERT INTO `mall_flash` VALUES (3, '2020-08-30 14:31:18', 1, NULL, NULL, '2020-08-30 11:00:00', 2020, 8, 30, 11, 0, 0);
INSERT INTO `mall_flash` VALUES (4, '2020-08-30 14:31:18', 1, NULL, NULL, '2020-08-30 14:00:00', 2020, 8, 30, 14, 30, 0);
INSERT INTO `mall_flash` VALUES (5, '2020-08-30 14:31:18', 1, NULL, NULL, '2020-08-30 16:00:00', 2020, 8, 30, 16, 0, 0);
INSERT INTO `mall_flash` VALUES (6, '2020-08-30 14:31:18', 1, NULL, NULL, '2020-08-30 18:00:00', 2020, 8, 30, 18, 0, 0);

-- ----------------------------
-- Table structure for mall_flash_item
-- ----------------------------
DROP TABLE IF EXISTS `mall_flash_item`;
CREATE TABLE `mall_flash_item`  (
  `flash_item_id` int(11) NOT NULL AUTO_INCREMENT COMMENT '限时抢购商品id',
  `create_time` timestamp(0) NULL DEFAULT NULL COMMENT '创建时间',
  `create_id` int(11) NULL DEFAULT NULL COMMENT '创建管理员id',
  `update_time` timestamp(0) NULL DEFAULT NULL COMMENT '更新时间',
  `update_id` int(11) NULL DEFAULT NULL COMMENT '更新管理员id',
  `flash_id` int(11) NOT NULL COMMENT '限时抢购id',
  `product_id` int(11) NOT NULL COMMENT '商品id',
  `stock` int(11) NOT NULL DEFAULT 0 COMMENT '库存',
  `sales` int(11) NOT NULL DEFAULT 0 COMMENT '销量',
  `price` decimal(10, 2) NOT NULL COMMENT '价格',
  `limit` int(11) NOT NULL DEFAULT 0 COMMENT '限购数量，0不限制',
  `deleted` tinyint(1) NOT NULL DEFAULT 0 COMMENT '删除标识，0未删除，1删除',
  PRIMARY KEY (`flash_item_id`) USING BTREE,
  INDEX `mall_flash_item_flash_id_product_id_stock_price_limit`(`flash_id`, `deleted`, `product_id`, `stock`, `price`, `limit`) USING BTREE COMMENT '限时抢购商品表抢购id、删除标识、商品id、库存、价格和限购索引'
) ENGINE = InnoDB AUTO_INCREMENT = 13 CHARACTER SET = utf8 COLLATE = utf8_general_ci COMMENT = '限时抢购商品表' ROW_FORMAT = Dynamic;

-- ----------------------------
-- Records of mall_flash_item
-- ----------------------------
INSERT INTO `mall_flash_item` VALUES (1, '2020-08-30 14:33:07', 1, NULL, NULL, 1, 1, 20, 0, 7.99, 2, 0);
INSERT INTO `mall_flash_item` VALUES (2, '2020-08-30 14:33:07', 1, NULL, NULL, 1, 2, 10, 0, 5.99, 1, 0);
INSERT INTO `mall_flash_item` VALUES (3, '2020-08-30 14:33:07', 1, NULL, NULL, 2, 1, 20, 0, 7.99, 2, 0);
INSERT INTO `mall_flash_item` VALUES (4, '2020-08-30 14:33:07', 1, NULL, NULL, 2, 2, 10, 0, 5.99, 1, 0);
INSERT INTO `mall_flash_item` VALUES (5, '2020-08-30 14:33:07', 1, NULL, NULL, 3, 1, 20, 0, 7.99, 2, 0);
INSERT INTO `mall_flash_item` VALUES (6, '2020-08-30 14:33:07', 1, NULL, NULL, 3, 2, 10, 0, 5.99, 1, 0);
INSERT INTO `mall_flash_item` VALUES (7, '2020-08-30 14:33:07', 1, NULL, NULL, 4, 1, 19, 0, 7.99, 2, 0);
INSERT INTO `mall_flash_item` VALUES (8, '2020-08-30 14:33:07', 1, NULL, NULL, 4, 2, 9, 0, 5.99, 1, 0);
INSERT INTO `mall_flash_item` VALUES (9, '2020-08-30 14:33:07', 1, NULL, NULL, 5, 1, 20, 0, 7.99, 2, 0);
INSERT INTO `mall_flash_item` VALUES (10, '2020-08-30 14:33:07', 1, NULL, NULL, 5, 2, 10, 0, 5.99, 1, 0);
INSERT INTO `mall_flash_item` VALUES (11, '2020-08-30 14:33:07', 1, NULL, NULL, 6, 1, 20, 0, 7.99, 2, 0);
INSERT INTO `mall_flash_item` VALUES (12, '2020-08-30 14:33:07', 1, NULL, NULL, 6, 2, 10, 0, 5.99, 1, 0);

-- ----------------------------
-- Table structure for mall_order
-- ----------------------------
DROP TABLE IF EXISTS `mall_order`;
CREATE TABLE `mall_order`  (
  `order_id` int(11) NOT NULL AUTO_INCREMENT COMMENT '订单id',
  `order_number` varchar(20) CHARACTER SET utf8 COLLATE utf8_general_ci NOT NULL COMMENT '订单编号',
  `order_time` timestamp(0) NULL DEFAULT NULL COMMENT '下单时间',
  `end_time` timestamp(0) NULL DEFAULT NULL COMMENT '订单关闭时间',
  `user_id` int(11) NOT NULL COMMENT '用户id',
  `coupon_id` int(11) NULL DEFAULT NULL COMMENT '优惠券id',
  `address_id` int(11) NOT NULL COMMENT '收货地址id',
  `receive_name` varchar(10) CHARACTER SET utf8 COLLATE utf8_general_ci NOT NULL COMMENT '收货人',
  `receive_phone` varchar(20) CHARACTER SET utf8 COLLATE utf8_general_ci NOT NULL COMMENT '收货电话',
  `receive_address` varchar(255) CHARACTER SET utf8 COLLATE utf8_general_ci NOT NULL COMMENT '收货地址',
  `product_price` decimal(10, 2) NOT NULL COMMENT '商品费用',
  `delivery_price` decimal(10, 2) NOT NULL COMMENT '配送费用',
  `coupon_price` decimal(10, 2) NOT NULL DEFAULT 0.00 COMMENT '优惠券抵扣金额',
  `total_price` decimal(10, 2) NOT NULL COMMENT '订单金额',
  `status` tinyint(1) NOT NULL DEFAULT 0 COMMENT '订单状态，-1已关闭；0待支付；1已支付；2待收货；3待评价；4已完成',
  `remark` varchar(100) CHARACTER SET utf8 COLLATE utf8_general_ci NULL DEFAULT NULL COMMENT '订单备注',
  `expect_time` varchar(30) CHARACTER SET utf8 COLLATE utf8_general_ci NOT NULL COMMENT '期望送达时间，如尽快送达，X月X日 14:00~15:00',
  `pay_type` tinyint(1) NOT NULL DEFAULT 0 COMMENT '支付方式，0未支付，1支付宝，2微信',
  `pay_time` timestamp(0) NULL DEFAULT NULL COMMENT '支付时间',
  `delivery_man` varchar(11) CHARACTER SET utf8 COLLATE utf8_general_ci NULL DEFAULT NULL COMMENT '配送员',
  `delivery_time` timestamp(0) NULL DEFAULT NULL COMMENT '发货时间',
  `receive_time` timestamp(0) NULL DEFAULT NULL COMMENT '收货时间',
  `score` tinyint(1) NULL DEFAULT 5 COMMENT '评分，1~5分',
  `comment` varchar(100) CHARACTER SET utf8 COLLATE utf8_general_ci NULL DEFAULT NULL COMMENT '评价',
  `comment_time` timestamp(0) NULL DEFAULT NULL COMMENT '评价时间',
  `deleted` tinyint(1) NOT NULL DEFAULT 0 COMMENT '删除标识，0未删除，1删除',
  PRIMARY KEY (`order_id`) USING BTREE,
  INDEX `order_index_user_id_deleted`(`user_id`, `deleted`) USING BTREE COMMENT '订单表用户id和删除标识索引'
) ENGINE = InnoDB AUTO_INCREMENT = 4 CHARACTER SET = utf8 COLLATE = utf8_general_ci COMMENT = '订单表' ROW_FORMAT = Dynamic;

-- ----------------------------
-- Records of mall_order
-- ----------------------------
INSERT INTO `mall_order` VALUES (1, '1598769404484848', '2020-08-30 14:36:44', NULL, 1, NULL, 0, '', '', '', 178.61, 0.00, 0.00, 178.61, 0, '订单备注', '尽快送达', 1, NULL, NULL, NULL, NULL, 5, NULL, NULL, 0);
INSERT INTO `mall_order` VALUES (2, '1598769791015345', '2020-08-30 14:43:11', NULL, 1, NULL, 0, '', '', '', 67.89, 0.00, 0.00, 67.89, 0, '订单备注', '尽快送达', 1, NULL, NULL, NULL, NULL, 5, NULL, NULL, 0);
INSERT INTO `mall_order` VALUES (3, '1598770174773728', '2020-08-30 14:49:35', '2020-08-30 14:51:23', 1, NULL, 0, '', '', '', 67.89, 0.00, 0.00, 67.89, -1, '订单备注', '尽快送达', 1, NULL, NULL, NULL, NULL, 5, NULL, NULL, 0);

-- ----------------------------
-- Table structure for mall_order_item
-- ----------------------------
DROP TABLE IF EXISTS `mall_order_item`;
CREATE TABLE `mall_order_item`  (
  `order_item_id` int(11) NOT NULL AUTO_INCREMENT COMMENT '订单商品id',
  `order_id` int(11) NOT NULL COMMENT '订单id',
  `order_number` varchar(100) CHARACTER SET utf8 COLLATE utf8_general_ci NOT NULL COMMENT '订单编号',
  `product_id` int(11) NOT NULL COMMENT '商品id',
  `product_name` varchar(200) CHARACTER SET utf8 COLLATE utf8_general_ci NOT NULL COMMENT '商品名称',
  `pic` int(11) NULL DEFAULT NULL COMMENT '商品图片，为文件id',
  `price` decimal(10, 2) NOT NULL COMMENT '商品单价',
  `quantity` int(11) NOT NULL DEFAULT 1 COMMENT '数量',
  `flash_item_id` int(11) NOT NULL COMMENT '限时抢购商品id',
  PRIMARY KEY (`order_item_id`) USING BTREE,
  INDEX `order_item_index_order_id_deleted`(`order_id`) USING BTREE COMMENT '订单商品表order_id和删除标识索引'
) ENGINE = InnoDB AUTO_INCREMENT = 10 CHARACTER SET = utf8 COLLATE = utf8_general_ci COMMENT = '订单商品表' ROW_FORMAT = Dynamic;

-- ----------------------------
-- Records of mall_order_item
-- ----------------------------
INSERT INTO `mall_order_item` VALUES (1, 1, '1598769404484848', 1, '泰国进口龙眼', 1, 8.98, 10, 0);
INSERT INTO `mall_order_item` VALUES (2, 1, '1598769404484848', 2, '黄花梨', 1, 6.98, 5, 0);
INSERT INTO `mall_order_item` VALUES (3, 1, '1598769404484848', 3, '芒果', 1, 5.99, 9, 0);
INSERT INTO `mall_order_item` VALUES (4, 2, '1598769791015345', 1, '泰国进口龙眼', 1, 7.99, 1, 7);
INSERT INTO `mall_order_item` VALUES (5, 2, '1598769791015345', 2, '黄花梨', 1, 5.99, 1, 8);
INSERT INTO `mall_order_item` VALUES (6, 2, '1598769791015345', 3, '芒果', 1, 5.99, 9, 0);
INSERT INTO `mall_order_item` VALUES (7, 3, '1598770174773728', 1, '泰国进口龙眼', 1, 7.99, 1, 7);
INSERT INTO `mall_order_item` VALUES (8, 3, '1598770174773728', 2, '黄花梨', 1, 5.99, 1, 8);
INSERT INTO `mall_order_item` VALUES (9, 3, '1598770174773728', 3, '芒果', 1, 5.99, 9, 0);

-- ----------------------------
-- Table structure for mall_product
-- ----------------------------
DROP TABLE IF EXISTS `mall_product`;
CREATE TABLE `mall_product`  (
  `product_id` int(11) NOT NULL AUTO_INCREMENT COMMENT '商品id',
  `create_time` timestamp(0) NULL DEFAULT NULL COMMENT '创建时间',
  `create_id` int(11) NULL DEFAULT NULL COMMENT '创建管理员id',
  `update_time` timestamp(0) NULL DEFAULT NULL COMMENT '更新时间',
  `update_id` int(11) NULL DEFAULT NULL COMMENT '更新管理员id',
  `product_name` varchar(200) CHARACTER SET utf8 COLLATE utf8_general_ci NOT NULL COMMENT '商品名称',
  `desc` varchar(200) CHARACTER SET utf8 COLLATE utf8_general_ci NOT NULL COMMENT '商品描述',
  `brand_id` int(11) NULL DEFAULT NULL COMMENT '品牌id',
  `pic` int(11) NULL DEFAULT NULL COMMENT '商品图片，为文件id',
  `original_price` decimal(10, 2) NOT NULL COMMENT '商品原价',
  `current_price` decimal(10, 2) NOT NULL COMMENT '商品现价',
  `stock` int(11) NOT NULL DEFAULT 0 COMMENT '库存',
  `limit` int(11) NOT NULL DEFAULT 10 COMMENT '限购数量，默认10',
  `sales` int(11) NOT NULL DEFAULT 0 COMMENT '销量',
  `new_status` tinyint(1) NOT NULL DEFAULT 0 COMMENT '新品状态，0否，1是',
  `publish_status` tinyint(1) NOT NULL DEFAULT 1 COMMENT '上架状态，0否，1是',
  `label` varchar(20) CHARACTER SET utf8 COLLATE utf8_general_ci NULL DEFAULT NULL COMMENT '标签',
  `format` varchar(50) CHARACTER SET utf8 COLLATE utf8_general_ci NOT NULL COMMENT '规格',
  `storage` varchar(50) CHARACTER SET utf8 COLLATE utf8_general_ci NOT NULL COMMENT '存储条件',
  `origin` varchar(50) CHARACTER SET utf8 COLLATE utf8_general_ci NOT NULL COMMENT '产地',
  `detail` int(11) NULL DEFAULT NULL COMMENT '商品详情，为文件id',
  `deleted` tinyint(1) NOT NULL DEFAULT 0 COMMENT '删除标识，0未删除，1删除',
  PRIMARY KEY (`product_id`) USING BTREE
) ENGINE = InnoDB AUTO_INCREMENT = 5 CHARACTER SET = utf8 COLLATE = utf8_general_ci COMMENT = '商品表' ROW_FORMAT = Dynamic;

-- ----------------------------
-- Records of mall_product
-- ----------------------------
INSERT INTO `mall_product` VALUES (1, '2020-08-28 16:26:36', 1, NULL, NULL, '泰国进口龙眼', '皮薄 脆嫩 甜蜜', NULL, 1, 9.90, 8.98, 90, 10, 12, 0, 1, NULL, '500g/份', '冷藏（0-4）度', '泰国', 2, 0);
INSERT INTO `mall_product` VALUES (2, '2020-08-28 16:26:36', 1, NULL, NULL, '黄花梨', '清甜多汁 肉脆爽口', NULL, 1, 6.98, 6.98, 75, 20, 7, 0, 1, NULL, '750g-800g/份', '0-4度', '建宁', 2, 0);
INSERT INTO `mall_product` VALUES (3, '2020-08-28 16:26:36', 1, NULL, NULL, '芒果', '清甜多汁 肉脆爽口', NULL, 1, 8.99, 5.99, 72, 10, 18, 0, 1, NULL, '750g-800g/份', '0-4度', '台湾', 2, 0);
INSERT INTO `mall_product` VALUES (4, '2020-08-28 16:26:36', 1, NULL, NULL, '芒果——1', '清甜多汁 肉脆爽口', NULL, 1, 8.99, 5.99, 72, 10, 18, 0, 1, NULL, '750g-800g/份', '0-4度', '台湾', 2, 0);

-- ----------------------------
-- Table structure for mall_product_classify
-- ----------------------------
DROP TABLE IF EXISTS `mall_product_classify`;
CREATE TABLE `mall_product_classify`  (
  `id` int(11) NOT NULL AUTO_INCREMENT COMMENT '商品与商品分类关联id',
  `create_time` timestamp(0) NULL DEFAULT NULL COMMENT '创建时间',
  `create_id` int(11) NULL DEFAULT NULL COMMENT '创建管理员id',
  `classify_id` int(11) NOT NULL COMMENT '分类id',
  `product_id` int(11) NOT NULL COMMENT '商品id',
  PRIMARY KEY (`id`) USING BTREE,
  INDEX `product_classify_associate_index_classify_id_product_id`(`classify_id`, `product_id`) USING BTREE COMMENT '商品与商品分类关联表分类id和商品id索引',
  INDEX `product_classify_associate_index_product_id_classify_id`(`product_id`, `classify_id`) USING BTREE COMMENT '商品与商品分类关联表商品id和分类id索引'
) ENGINE = InnoDB AUTO_INCREMENT = 6 CHARACTER SET = utf8 COLLATE = utf8_general_ci COMMENT = '商品与商品分类关联表' ROW_FORMAT = Dynamic;

-- ----------------------------
-- Records of mall_product_classify
-- ----------------------------
INSERT INTO `mall_product_classify` VALUES (1, '2020-08-28 16:26:36', 1, 4, 1);
INSERT INTO `mall_product_classify` VALUES (2, '2020-08-28 16:26:36', 1, 8, 1);
INSERT INTO `mall_product_classify` VALUES (3, '2020-08-28 16:26:36', 1, 5, 2);
INSERT INTO `mall_product_classify` VALUES (4, '2020-08-28 16:26:36', 1, 4, 3);
INSERT INTO `mall_product_classify` VALUES (5, '2020-08-28 16:26:36', 1, 6, 3);

-- ----------------------------
-- Table structure for mall_user
-- ----------------------------
DROP TABLE IF EXISTS `mall_user`;
CREATE TABLE `mall_user`  (
  `user_id` int(11) NOT NULL AUTO_INCREMENT COMMENT '用户id',
  `create_time` timestamp(0) NULL DEFAULT NULL COMMENT '创建时间',
  `update_time` timestamp(0) NULL DEFAULT NULL COMMENT '更新时间',
  `avatar` int(11) NULL DEFAULT NULL COMMENT '头像，为文件id',
  `username` varchar(50) CHARACTER SET utf8 COLLATE utf8_general_ci NOT NULL COMMENT '用户名',
  `nickname` varchar(50) CHARACTER SET utf8 COLLATE utf8_general_ci NULL DEFAULT NULL COMMENT '昵称',
  `password` varchar(100) CHARACTER SET utf8 COLLATE utf8_general_ci NOT NULL COMMENT '密码',
  `phone` varchar(30) CHARACTER SET utf8 COLLATE utf8_general_ci NULL DEFAULT NULL COMMENT '电话',
  `enable` tinyint(1) NOT NULL DEFAULT 1 COMMENT '可用标识，0不可用，1可用',
  PRIMARY KEY (`user_id`) USING BTREE,
  INDEX `user_index_username`(`username`) USING BTREE COMMENT '用户表用户名索引'
) ENGINE = InnoDB AUTO_INCREMENT = 2 CHARACTER SET = utf8 COLLATE = utf8_general_ci COMMENT = '用户表' ROW_FORMAT = Dynamic;

-- ----------------------------
-- Records of mall_user
-- ----------------------------
INSERT INTO `mall_user` VALUES (1, '2020-08-28 16:23:02', NULL, NULL, 'zhangsan', 'zhangsan123', '$2a$10$ouJ7bJFNrPIoZblf0YY0Re7Zupz8B6f1nbrS61jowU9Msv8Hrj.1y', '18911112222', 1);

-- ----------------------------
-- Table structure for mall_user_address
-- ----------------------------
DROP TABLE IF EXISTS `mall_user_address`;
CREATE TABLE `mall_user_address`  (
  `address_id` int(11) NOT NULL AUTO_INCREMENT COMMENT '收货地址id',
  `create_time` timestamp(0) NULL DEFAULT NULL COMMENT '创建时间',
  `update_time` timestamp(0) NULL DEFAULT NULL COMMENT '更新时间',
  `user_id` int(11) NOT NULL COMMENT '用户id',
  `name` varchar(50) CHARACTER SET utf8 COLLATE utf8_general_ci NOT NULL COMMENT '收货人',
  `sex` tinyint(1) NULL DEFAULT 0 COMMENT '性别，0无，1先生，2女士',
  `phone` varchar(100) CHARACTER SET utf8 COLLATE utf8_general_ci NOT NULL COMMENT '收货电话',
  `address` varchar(255) CHARACTER SET utf8 COLLATE utf8_general_ci NOT NULL COMMENT '收货地址',
  `type` tinyint(1) NULL DEFAULT 0 COMMENT '地址类型，0未选择，1家，2父母家，3朋友家，4公司，5学校',
  `deleted` tinyint(1) NULL DEFAULT 0 COMMENT '删除标识，0未删除，1删除',
  PRIMARY KEY (`address_id`) USING BTREE,
  INDEX `user_address_index_user_id`(`user_id`) USING BTREE COMMENT '用户地址表用户id索引'
) ENGINE = InnoDB AUTO_INCREMENT = 2 CHARACTER SET = utf8 COLLATE = utf8_general_ci COMMENT = '用户收货地址表' ROW_FORMAT = Dynamic;

-- ----------------------------
-- Records of mall_user_address
-- ----------------------------
INSERT INTO `mall_user_address` VALUES (1, '2020-08-30 14:22:21', NULL, 1, '张三', 0, '18911112222', '福州市XX区XX镇XX小区', 1, 0);

-- ----------------------------
-- Table structure for mall_user_coupon
-- ----------------------------
DROP TABLE IF EXISTS `mall_user_coupon`;
CREATE TABLE `mall_user_coupon`  (
  `id` int(11) NOT NULL AUTO_INCREMENT COMMENT '优惠券与用户关联id',
  `create_time` timestamp(0) NULL DEFAULT NULL COMMENT '领取时间',
  `user_id` int(11) NOT NULL COMMENT '用户id',
  `coupon_id` int(11) NOT NULL COMMENT '优惠券id',
  `get_type` tinyint(1) NOT NULL DEFAULT 1 COMMENT '获取类型，1主动领取，2后台赠送',
  `status` tinyint(1) NOT NULL DEFAULT 1 COMMENT '使用状态，1未使用，2已使用，3已过期',
  `start_time` timestamp(0) NULL DEFAULT NULL COMMENT '有效期限，开始时间',
  `end_time` timestamp(0) NULL DEFAULT NULL COMMENT '有效期限，结束时间',
  `use_time` timestamp(0) NULL DEFAULT NULL COMMENT '使用时间',
  `order_id` int(11) NULL DEFAULT NULL COMMENT '订单id',
  PRIMARY KEY (`id`) USING BTREE
) ENGINE = InnoDB AUTO_INCREMENT = 2 CHARACTER SET = utf8 COLLATE = utf8_general_ci COMMENT = '用户和优惠券关联表' ROW_FORMAT = Dynamic;

-- ----------------------------
-- Records of mall_user_coupon
-- ----------------------------
INSERT INTO `mall_user_coupon` VALUES (1, '2020-09-03 11:51:27', 1, 1, 1, 1, '2020-09-03 11:51:27', '2020-09-03 23:59:59', NULL, NULL);

-- ----------------------------
-- Table structure for mall_user_favorite
-- ----------------------------
DROP TABLE IF EXISTS `mall_user_favorite`;
CREATE TABLE `mall_user_favorite`  (
  `favorite_id` int(11) NOT NULL AUTO_INCREMENT COMMENT '收藏id',
  `favorite_time` timestamp(0) NULL DEFAULT NULL COMMENT '收藏时间',
  `user_id` int(11) NOT NULL COMMENT '用户id',
  `product_id` int(11) NOT NULL COMMENT '商品id',
  `deleted` tinyint(1) NOT NULL DEFAULT 0 COMMENT '删除标识，0未删除，1删除',
  PRIMARY KEY (`favorite_id`) USING BTREE,
  INDEX `user_favorite_user_id`(`user_id`) USING BTREE COMMENT '用户收藏表用户id索引'
) ENGINE = InnoDB AUTO_INCREMENT = 2 CHARACTER SET = utf8 COLLATE = utf8_general_ci COMMENT = '用户收藏表' ROW_FORMAT = Dynamic;

-- ----------------------------
-- Records of mall_user_favorite
-- ----------------------------
INSERT INTO `mall_user_favorite` VALUES (1, '2020-08-30 14:22:35', 1, 1, 0);

-- ----------------------------
-- Table structure for mall_user_footprint
-- ----------------------------
DROP TABLE IF EXISTS `mall_user_footprint`;
CREATE TABLE `mall_user_footprint`  (
  `footprint_id` int(11) NOT NULL AUTO_INCREMENT COMMENT '足迹id',
  `view_time` timestamp(0) NULL DEFAULT NULL COMMENT '访问时间',
  `user_id` int(11) NOT NULL COMMENT '用户id',
  `product_id` int(11) NOT NULL COMMENT '商品id',
  `deleted` tinyint(1) NOT NULL DEFAULT 0 COMMENT '删除标识，0未删除，1删除',
  PRIMARY KEY (`footprint_id`) USING BTREE,
  INDEX `user_footprint_index_user_id`(`user_id`) USING BTREE COMMENT '用户足迹表用户id索引'
) ENGINE = InnoDB AUTO_INCREMENT = 2 CHARACTER SET = utf8 COLLATE = utf8_general_ci COMMENT = '用户足迹表' ROW_FORMAT = Dynamic;

-- ----------------------------
-- Records of mall_user_footprint
-- ----------------------------
INSERT INTO `mall_user_footprint` VALUES (1, '2020-08-30 14:22:46', 1, 1, 0);

-- ----------------------------
-- Table structure for mall_user_search_history
-- ----------------------------
DROP TABLE IF EXISTS `mall_user_search_history`;
CREATE TABLE `mall_user_search_history`  (
  `history_id` int(11) NOT NULL AUTO_INCREMENT COMMENT '搜索历史id',
  `create_time` timestamp(0) NULL DEFAULT NULL COMMENT '创建时间',
  `update_time` timestamp(0) NULL DEFAULT NULL COMMENT '更新时间',
  `user_id` int(11) NOT NULL COMMENT '用户id',
  `keyword` varchar(100) CHARACTER SET utf8 COLLATE utf8_general_ci NOT NULL COMMENT '搜索词',
  `sn` int(11) NOT NULL COMMENT '排序号',
  `type` tinyint(1) NOT NULL COMMENT '类型，1商品，2订单',
  `deleted` tinyint(1) NOT NULL DEFAULT 0 COMMENT '删除标识，0未删除，1删除',
  PRIMARY KEY (`history_id`) USING BTREE,
  INDEX `mall_user_search_history_user_id_keword_type_deleted`(`user_id`, `keyword`, `type`, `deleted`) USING BTREE COMMENT '用户搜索历史表用户id、关键词、类型和删除标识索引'
) ENGINE = InnoDB AUTO_INCREMENT = 1 CHARACTER SET = utf8 COLLATE = utf8_general_ci COMMENT = '用户搜索历史表' ROW_FORMAT = Dynamic;

SET FOREIGN_KEY_CHECKS = 1;
